id,paper,state,course,course_en,tags,tags_en,ingredients,ingredients_en,ingredient_list,ingredient_list_en,directions,directions_en,title,title_en,url,,,
r01,DLA,FL,postre,dessert,vegetariano,vegetarian,chayote; maicena; azúcar; huevo; leche; sal; pasas; mantequilla; polvo de galletas,chayote; cornstarch; sugar; egg; milk; salt; raisins; butter; cracker meal,4 chayotes; 4 cucharadas de maicena; 3/4 taza de azúcar; 2 yemas de huevo; 1 taza de leche; 1 cucharadita de sal; 2 cucharadas de pasas; 2 cucharadas de mantequilla derretida; 1/2 taza de galleta en polvo,4 chayotes; 4 tablespoons cornstarch; 3/4 cup sugar; 2 egg yolks; 1 cup milk; 1 teaspoon salt; 2 tablespoons raisins; 2 tablespoons melted butter; 1-2 cup cracker meal,"Parta los chayotes a lo largo y hierva.; Cuando estén blandos saque la pulpa y maje bien.; Bata las yemas con el azúcar, añádale la sal, y la maicena, la leche, los chayotes majados, la mantequilla y las papas.; Ponga al fuego y cueza hasta que espese como una crema.; Rellene las cortezas con la crema y espolvoree canela por encima.; Ponga al horno por diez minutos.","Split the chayotes lengthwise and boil.; When they are soft take out the pulp and mash well.; Beat the yolks with the sugar, add salt, and cornstarch, milk, mashed chayotes, butter and potatoes; Put on the fire and cook until thickened like a cream; Fill the rinds with the cream and sprinkle cinnamon on top.; Bake for ten minutes.",chayote a la crema,chayote in cream,https://chroniclingamerica.loc.gov/lccn/sn82001257/1954-02-13/ed-1/seq-4/,,,
r02,DLA,FL,bebida,beverage,"vegetariano; vegano; 
sin gluten",vegetarian; vegan; gluten-free,café; azúcar; vainilla,coffee; sugar; vanilla,1 1/2 tazas de café frío bien cargado; 1 a 2 cucharadas de azúcar; 1/2 cucharadita de vainilla,1 1/2 cups of packed cold coffee; 1 to 2 tablespoons of sugar; 1/2 teaspoon vanilla.,"Se llena el receptáculo de la ablandadora eléctrica hasta la mitad de su capacidad, con hielo bien picadito.; Luego se le agregan 1 1/2 tazas de café frío bien cargado, de 1 a 2 cucharadas de azúcar y 1/2 cucharadita de vainilla.; Se ablanda eléctricamente durante unos 2 ó 3 minutos.;Se obtienen 4 vasos de un batido espumoso
riquisimo.","Fill the bowl of the electric mixer halfway with well-chopped ice.; Then add 1 1/2 cups of packed cold coffee, 1 to 2 tablespoons of sugar and 1/2 teaspoons of vanilla.; Mix for about 2 or 3 minutes.; Makes 4 glasses of a rich, frothy coffee drink.",refresco espumoso de café,frothed coffee,https://chroniclingamerica.loc.gov/lccn/sn82001257/1958-06-19/ed-1/seq-4/,,,
r03,DLA,FL,plato principal,main,,,"pollo; aceite; coñac;
cebolla; harina; vino blanco; bouillón; puré de tomates; perejil; tomillo seco; laurel; hongo; pan",chicken; oil; cognac; onion; flour; white wine; bouillón; tomato puree; parsley; dried thyme; laurel; mushroom; croutons,"1 pollo tierno (de unos 1 1/2
kilos), partido en 4 pedazos;
1/2 taza de aceite de oliva;
3 cucharadas de coñac;
1 cebolla mediana, picada;
2 cucharadas de harina;
1 taza de vino blanco seco;
1 cubo de bouillón de pollo;
1/4 de taza de puré de tomates;
3 ramitas de perejil;
1 pizca de tomillo seco;
1 hoja de laurel, pequeña;
200 gramos de hongos frescos
rebanados;
1 taza de crotones de pan tostado","1 tender chicken (about 11/2 kilos), broken into 4 pieces; 1/2 cup olive oil; 3 tablespoons cognac; 1 medium onion, chopped; 2 tablespoons flour; 1 cup dry white wine; 1 cube of chicken bouillón; 1/4 cup mashed tomatoes; 3 sprigs of parsley; 1 pinch of dried thyme; 1 bay leaf, small; 200 grams of fresh mushrooms slices; 1 cup toasted croutons","Se rocían los pedazos de pollo, incluyendo los menudos, con sai y pimienta.; En una sartén grande y gruesa se calienta el aceite y se doran los pedazos de pollo por ambos lados.; Aparte, en una olla pequeña, se calienta el coñac; se vierte sobre el pollo que está en la sartén y se enciende.; Después que se apague el fuego, se sacan de la sartén los pedazos de pollo y se dejan aparte.; Se pone la cebolla picada en la sartén y se dora ligeramente.; Se rocía la harina por encima y se revuelve para mezclarla bien.; Se le agregan gradualmente, un ingrediente a la vez y revolviéndose constante mente, el vino, el cubo de bouillón disuelto en 1/2 taza de agua caliente, el puré de tomate, el perejil y el tomillo seco y la hoja de laurel.; Después que la sal se haya adquirido una consistencia suave, se le agregan de nuevo las presas de pollo.; Se tapa la sartén y se deja cocer a fuego lento hasta que el pollo esté casi tierno, (toma de unos 45 a 60 minutos, según el pollo).; Se le añaden los hongos rebana dos y se sigue cocinando, con la sartén tapada, durante unos 10 a 15 minutos más.; AI servirlo, se adorna con crotones de pan tostado y más perejil picado.; Sírvalo en bandeja plana.; La para 4 porciones.","Chicken pieces, including giblets, are sprinkled with salt and pepper.;In a large thick pan, heat the oil and cook the chicken pieces until browned on both sides.;Separately, in a small pot, the cognac is heated; it is poured over the chicken that is in the pan and lit.;After the heat is extinguished, the pieces of chicken are taken out of the pan and set aside.;Put the chopped onion in the pan and lightly brown.;Sprinkle the flour on top and stir to mix it well.;Gradually add one ingredient at a time and constantly stirring, wine, cube of bouillón dissolved in 1/2 cup of hot water, tomato puree, parsley and dried thyme and bay leaf. ;After the salt has acquired a smooth consistency, chicken is added to it again.;Cover the pan and let it simmer until the chicken is almost tender, (takes about 45 to 60 minutes, depending on the chicken).;Add the mushrooms slices and continue cooking, with the pan covered, for about 10 to 15 more minutes.;When serving, it is garnished with croutons and more chopped parsley.;Serve on a flat tray. Serves 4. 
",pollo a la marengo,marengo chicken,https://chroniclingamerica.loc.gov/lccn/sn82001257/1957-10-06/ed-1/seq-5/,,,
r04,DLA,FL,plato principal,main,vegetariano,vegetarian,caldo; calabaza; harina; mantequilla,broth; pumpkin; flour; butter,"6 tazas de caldo;
1/2 libra de calabaza partida
en pedazos;
2 cucharadas de harina;
1 cucharada de mantequi
lla",6 cups broth; 1/2 pound split pumpkin in pieces; 2 tablespoons flour; 1 tablespoon butter,"Hierva la calabaza en el caldo.; Cuele y maje la calabaza, mezcle la harina con un poco de caldo frío, añada la mantequilla y ponga al fuego, moviendo constantemente y añada el resto del caldo.; Sazone a gusto y sirva calíente.","Boil the pumpkin in the broth.; Strain and mash the pumpkin, mix the flour with a little cold broth, add the butter and put on the fire, stirring constantly and add the rest of the broth.; Season to taste and serve warm.",pure de calabaza,pumpkin purée,https://chroniclingamerica.loc.gov/lccn/sn82001257/1960-11-13/ed-1/seq-5/,,,
r05,DLA,FL,plato principal,main,,,"pollo; harina; sal; pimienta;
grasa; polvo de hornear; huevo; leche; mantequilla",chicken; flour; salt; pepper; lard; baking powder; egg; milk; butter,"1 pollo de 3 lbs. cortado en
pedazos; harina de trigo; sal; pimienta; grasa para freír; 1 1/2 tazas de harina cernida;
1 1/2 cucharadita de polvo
de hornear;
1 cucharadita de sal;
4 huevos;
1 1/2 taza de leche;
3 cucharadas de mantequilla o
margarina fortificada, derreti
da; pimienta negra","1 3 lbs chicken cut into pieces; wheat flour, salt and pepper; oil; 1 1/2 cups sifted flour; 1 1/2 teaspoon powder baking; 1 teaspoon salt; 4 eggs; 1 1/2 cup milk; 3 tablespoons butter or fortified margarine, melted; black pepper","Meta los pedazos de pollo en un cartucho, con harina, sal y pimienta, y sacuda el cartucho para que los pedazos queden bien cubiertos de harina.; En una sartén grande, dote el pollo por ambos lados, en grasa caliente.; Sáquelos y deje escurrir la grasa sobre un papel.; Cierna juntos la taza y media de harina, el polvo de hornear y la sal.; Bata los huevos ligeramente: añádale la leche y la mantequilla o margarina.; Mezcle conlos ingredientes secos y bata con un batidor de mano hasta que la masa quede suave.; Vierta la masa en un molde engrasado de 12X8X2 pulgadas.; (30X17X5 cms.) coloque encima los pedazos de pollo frito; espolvorée con pimienta.; Hornee en horno moderado (350° F., 175° Centígrado), por 1 hora, o hasta que la masa suba y se dore.; Sírvalo caliente.","Put the chicken pieces in a cartridge, with flour, salt and pepper, and shake the cartridge so that the pieces are well covered with flour.;In a large skillet, cover the chicken on both sides, in hot oil.;Take them out and let the fat drain on a piece of paper.;Mix together the cup and a half of flour, baking powder and salt.;Beat the eggs lightly;Add the milk and butter or margarine;Mix with the dry ingredients and beat with a hand whisk until the dough is smooth.;Pour the dough into a 12X8X2-inch greased mold. (30X17X5 cms.);Place on top the pieces of fried chicken;Sprinkle with pepper;Bake at medium heat (350° F., 175° Celsius), for 1 hour, or until the dough rises and browns.;Serve hot. 
",pollo asado  al nido,roast chicken,https://chroniclingamerica.loc.gov/lccn/sn82001257/1956-12-16/ed-1/seq-5/,,,
r07,DLA,FL,plato principal,main,,,pollo; sal; pimienta; cognac; mantequilla; papa; agua; nuez moscada; huevo; crema de leche; queso,chicken; salt; pepper; cognac; butter; potato; water; nutmeg; egg; milk cream; cheese,RECIPE1 1 pollo; sal a gusto; pimienta; cognac; un cuarto libra de mantequilla; RECIPE2 2 libras de papas; agua; sal a gusto; media libra de mantequilla; pimienta; nuez moscada rallada; 2 yemas; un cuarto de creama de leche; 6 cucharadas de queso rallado,RECIPE1 1 chicken; salt and pepper to taste; cognac; a quarter pound of butter; RECIPE2 2 pounds of potatoes; water; salt to taste; half a pound of butter; pepper; grated nutmeg; 2 egg yolks; a quarter of milk cream; 6 tablespoons grated cheese,"RECIPE1 Limpie el pollo, vaíelo, lávelo y séquelo, condiméntelo con sal, rocíe el cogñac y colóquelo en el molde que vaya a usar para asarlo.; Untele la mantequilla y póngaio en el horno a temperatura regular; RECIPE2 Hierva las papas con sal, una vez que estén blandas, haga con ellas un puré, agrégele ls mantequilla, yemas, crema de leche y 4 cucharadas de queso rallado, condimente con la pimienta y la nuez moscada, poniéndolas en una fuente de horno, espolvoréa con el que so restante, rociándola con un poquito de mantequilla derretida e introdúzcala al horno bien caliente para gratinar.; Una vez el pollo esté al punte, sírvalo en presas con el puré a la duquesa.","RECIPE1 Clean the chicken, wash it and dry it, season it with salt, spray the cogñac and place it in the mold you are going to use for roasting.; Smear the butter and put it in the oven at regular temperature; RECIPE2 Boil the potatoes with salt, once they are soft, make them into a puree, add the butter, yolks, cream of milk and 4 tablespoons of grated cheese, season with pepper and nutmeg, putting them in a baking dish, sprinkle with the remaining one, sprinkle it with a little melted butter and put it in the hot oven to gratin.; Once the chicken is ready, slice and serve with the puree.",pollo al horno con puré duquesa,baked chicken with duchess puree,https://chroniclingamerica.loc.gov/lccn/sn82001257/1958-02-28/ed-1/seq-5/,,,this recipe is divided into two: explains making chicken and the puree
r08,DLA,FL,plato principal; acompañamiento,main; side,vegetariano,vegetarian,tomate; cebolla; berenjena; ajo; vino blanco; huevo; perejil; queso; polvo de galletas; sal,tomato; onion; eggplant; garlic; white wine; egg; parsley; cheese; cracker meal; salt,6 tomates; 1 cebolla; 3 berenjenas; 1 ajo; 1 taza de vino blanco; 3 yemas de huevo; perejil; 1 taza queso rallado; polvo de galletas; sal,6 tomatoes; 1 onion; 3 eggplants; 1 garlic; 1 cup white wine; 3 egg yolks; parsley; 1 cup grated cheese; cracker meal; salt,"Se dividen los tomates en dos y se vacian, se sazonan con sal y pimienta.;Se fríen con la cebolla cortada en pedacitos pequeños la berenjena en rodajas finas.;Se rocían con vino blanco.;Se añade la sal a gusto, perejil y el queso rallado.;Se deja enfriar y se agregan las tres yemas de huevo.;Se rellenan los tomates y se espolvorean con el polvo de galletas.;Se colocan en un molde, se rocían con queso parmesano rallado y se gratinan al horno durante 5 minutos.;Se sirven en su mismo jugo.","Tomatoes are divided into two and are emptied, seasoned with salt and pepper.; Fry with the onion cut into small pieces, the eggplant in thin slices. Sprinkle with white wine.; Add the salt to taste, parsley and grated cheese.; Let it cool and add the three egg yolks.; Tomatoes are stuffed and sprinkled with cracker meal.; Place in a mold, sprinkle with grated parmesan cheese and au gratin in the oven for 5 minutes.; Serve in the same juice.",tomates a la mireille,tomatoes a la mireille,https://chroniclingamerica.loc.gov/lccn/sn82001257/1957-10-13/ed-1/seq-5/,,,
r11,DLA,FL,plato principal; acompañamiento,main; side,,,habichuela; chorizo; huevo; cebolla; pimienta; manteca,beans; chorizo; egg; onion; pepper; butter,1 libra de habichuelas; 2 chorizos desmenuzados; 3 huevos batidos; 1 cucharadita de cebolla rallada; 1/4 cucharadita de pimienta; manteca,1 pound of beans; 2 crumbled chorizos; 3 beaten eggs; 1 teaspoon grated onion; 1/4 teaspoon pepper; butter,"Ablande las habichuelas y májelas.;Agregue los demás ingredientes y mezcle.;Ponga suficiente manteca en la sartén para cubrir el fondo.;Eche en la sartén, tape y cueza a fuego lento, vuelva y dore por ambos lados.","Soften the beans and mash them.; Add the other ingredients and mix.; Put enough butter in the pan to cover the bottom.; Pour into the pan, cover and simmer. Make sure to brown on both sides.",torta de habichuelas,bean omelette,https://chroniclingamerica.loc.gov/lccn/sn82001257/1957-01-01/ed-1/seq-5/,,,
r12,DLA,FL,acompañamiento,side,"vegetariano; 
sin gluten",vegetarian; gluten-free,panapén; mantequilla; sal; queso; huevo,jackfruit; butter; salt; cheese; egg,2 tazas de panapén hervido; 2 cucharadas de mantequilla; 1/2 cucharadita de sal; 2 cucharadas de queso rallado; 1 huevo batido,2 cups boiled jackfruit; 2 tablespoons butter; 1/2 teaspoon salt; 2 tablespoons grated cheese; 1 beaten egg,"Maje el panapén, añádale la sal y la mantequilla y mezcle bien.; Incorpore el huevo, la sal y el queso.; Déle forma de tortas pequeñas y fría en manteca caliente y abundante.","Mash the jackfruit, add the salt and butter and mix well.; Add the egg, salt and cheese; Shape it into small cakes and fry in plenty of hot butter.",tortitas de panapén,jackfruit pancakes,https://chroniclingamerica.loc.gov/lccn/sn82001257/1958-07-27/ed-1/seq-5/,,,
r13,DLA,FL,plato principal; acompañamiento,main; side,"
sin gluten",gluten-free,anca de rana; sal; pimienta; aceite; tomate; vino blanco; limón,frog leg; salt; peppert; oil; tomato; white wine; lemon,8 ancas de ranas bien frescas; Sal a gusto; Pimienta a gusto; Aceite; 3 tomates frescos; 1 taza de vino blanco; Jugo de limón (en abundancia),8 very fresh frog legs; salt and pepper to taste; Oil; 3 fresh tomatoes; 1 cup white wine; Lemon juice (in abundance),Se sazonan bien las ancas y se saltean con el aceite.; Se le añade después el tomate fresco picado y el vino blanco y jugo de limón.; Déjense enfriar con la cocción algunas finas hierbas picadas.; Sírvanse en conchas.,The legs are seasoned well and sautéed with the oil.; Then add the chopped fresh tomato and white wine and lemon juice.; Let cool with some fine chopped herbs.; Serve in shells.,ancas de rana a la bearnesa,frog legs a la Béarnaise,https://chroniclingamerica.loc.gov/lccn/sn82001257/1957-02-03/ed-1/seq-5/,,,
r14,DLA,FL,acompañamiento,side,vegetariano,vegetarian,amarillo (plátano); queso; mantequilla,plantain; cheese; butter,4 amarillos (plátanos maduros); 1/2 libra de queso partido en tajadas al largo; mantequilla,4 ripe plantains; 1/2 pound of cheese broken into long slices; butter,"Se monda el amarillo.; Una vez mondado se le dá un corte en el medio.; Póngase al horno, después de rellenar con el queso, en un molde con mantequilla.; Una vez dorados prepárese un almíbar blanco y sírvase.","Peel the plantains.; Once peeled cut down center.; Bake, after filling with cheese, in a mold with butter.; Once golden, prepare a white syrup and serve.",amarillo al horno,baked plantains,https://chroniclingamerica.loc.gov/lccn/sn82001257/1954-03-21/ed-1/seq-5/,,,
r15,DLA,FL,plato principal; acompañamiento,main; side,vegetariano,vegetarian,sofrito; butifarra; arroz; sal; manteca; achiote; agua,sofrito; sausage; rice; salt; butter; annatto; water,sofrito; 5 butifarras partidas; 1 1/2 libras de arroz; 1 cucharadita de sal; 3 cucharadas de manteca con achote; 3 tazas de agua,sofrito; 5 split sausages; 1 1/2 pounds of rice; 1 teaspoon salt; 3 tablespoons butter with annatto; 3 cups water,"Añada las butifarras, el arroz y la manteca al sofrito y cueza por dos minutos.; Agregue el agua y sazone a gusto.;Cueza hasta que el arroz esté un poco seco, baje el fuego, revuelva dos o tres veces y conserve tapado hasta el momento de servirlo.","Add the sausages, rice and butter with sofrito and cook for two minutes.; Add the water and season to taste.; Cook until the rice is a little dry, lower the heat, stir two or three times and keep covered until ready to serve.",arroz con butifarras,rice with sausages,https://chroniclingamerica.loc.gov/lccn/sn82001257/1957-03-24/ed-1/seq-5/,,,
r16,DLA,FL,plato principal,main,,,bacalao; cebolla; aceituna; tomate; salsa francesa,cod; onion; olive; tomato; French sauce,1 libra de bacalao; 1 cebolla rebanada; aceitunas a gusto; 2 tomates rebanados; salsa francesa,1 pound of cod; 1 sliced onion; olives to taste; 2 sliced tomatoes; French sauce,"Ponga el bacalao en agua por algunas horas para quitarle un poco de la sal.; Hierva, quite el pellejo y las espinas y corte en pedazos pequeños.; Coloque el bacalao en una fuente y adorne con las ruedas de tomate, cebollas y las aceitunas.; Vierta la salsa francesa.; Sirva con otras viandas hervidas: plátano, batata, papas, etc.","Put the cod in water for a few hours to remove some of the salt; Boil, remove the skin and scales and cut into small pieces.; Place the cod in a bowl and garnish with tomato slices, onions and olives.; Pour the French sauce.; Serve with other boiled foods: banana, sweet potato, potatoes, etc.",serenata,serenade,https://chroniclingamerica.loc.gov/lccn/sn82001257/1957-01-27/ed-1/seq-5/,,,
r18,DLA,FL,acompañamiento,side,,,seso; harina; huevo; leche,brain; flour; egg; milk,1 seso grande; 200 gramas de harina; 2 yemas; leche,1 large brain; 200 grams of flour; 2 egg yolk; milk,"Prepare un seso grande, sacándole la pielecita y cocínelo en agua y sal; escúrralo y córtelo en pedacitos.; Ponga en un tazón la harina, yemas y leche en cantidad suficiente como para formar una preparación blanda; mezcle bien, agréguele los sesos, fríalos por cucharadas en aceite caliente y a fuego moderado.","Prepare a large brain, removing the skin and cooking it in water and salt; drain it and cut it into pieces.; Put in a bowl the flour, yolks and milk in sufficient quantity to form a soft preparation; mix well, add the brains, fry them by tablespoons in hot oil and over moderate heat.",bocadillos de seso,brain fritters,https://chroniclingamerica.loc.gov/lccn/sn82001257/1957-06-30/ed-1/seq-5/,,,
r19,DLA,FL,plato principal,main,vegetariano; sin gluten,vegetarian; gluten-free,arroz; sal; agua; hoja de laurel; limón; hígados de ave; manteca; cebolla; vino marsala; pimienta negra; sal gruesa; canela; fécula de arroz; leche,rice; salt; water; bay leaf; lemon; chicken live; oil; onion; marsala wine; black pepper; coarse salt; cinnamon; rice starch; milk,2 tazas de arroz; sal gruesa; 5 tazas de agua caliente; 1 hoja de laurel; 1 cascarilla de limón; jugo de limón; 6 higados de ave; manteca; 1/2 cebolla en juliana fina; 1 vaso de vino marsala; 1 pizca de sal; 1 pizca de pimienta negra; 1 pizca de canela; 2 cucharaditas de fécula  de arroz; 1 taza de leche tibia,2 cups rice; coarse salt; 5 cups of hot water; 1 bay leaf; 1 lemon husk; lemon juice; 6 poultry livers; lard; 1/2 onion thinly cut; 1 glass of marsala wine; 1 pinch of salt; 1 pinch of black pepper; 1 pinch of cinnamon; 2 teaspoons rice starch; 1 cup warm milk,"Ponga en una olla de barro el arroz con la sal, el agua, la hoja de laurel, un trocito de cáscara de limón y un poco de jugo de limón.; Deje cocer el arroz destapado durante 15 minutos.; Retírelo del fuego y déjelo a calor dentro del horno, semiabierto para que se seque y abra el grano.; Resérvelo.; Aparte, en una sartén, ponga abundante manteca y fría en ella los hígados de ave, limpios y lavados en leche.; Cuando comiencen a dorarse, añada la cebolla, el vino y los condimentos.; Deslía la fécula de arroz en la leche y agréguele para espesar ligeramente la salsa.; Revuelva con suavidad para mezclar todo bien.; Esta preparación debe hacerse a temperatura media para que los hígados no se endurezcan.; Presente en una fuente grande, colocando la salsa de hígados en el centro y el arroz como borde.","Put in a clay pot the rice with the salt, water, bay leaf, a piece of lemon peel and a little lemon juice.; Let the uncovered rice cook for 15 minutes.; Remove it from the heat and leave it warm inside the oven, semi-open to dry and open the grain. Save on the side.; Apart, in a pan, put plenty of butter and fry the poultry livers ( clean and washed in milk) in it.; When they begin to brown, add the onion, wine and seasonings; Slide the rice starch into the milk and thicken it to lightly thicken the sauce.; Stir gently to mix everything well.; This preparation should be made at medium temperature so that the livers do not harden.; Present in a large dish, placing the liver sauce in the center and the rice as a border.",arroz con higados de pollo a la salvadorena,Salvadorean rice and chicken,https://chroniclingamerica.loc.gov/lccn/sn82001257/1957-09-21/ed-1/seq-5/,,,
r20,DLA,FL,plato principal,main,,,macarrones; agua; sal; jamón; aceite; cebolla; ajo; sobreasada; pasta de tomate,macaroni; water; salt; ham; oil; onion; garlic; sobrassada; tomato paste,1 libra de macarrones; 8 tazas de agua; 2 cucharadas de sal; 1/4 de libra de jamón partido; 1/2 taza de aceite; 2 cebollas partidas; 1 diente de ajo machacado; 1/4 de libra de sobreasada des menuzada; 1 lata de pasta de tomate; 1 taza de agua,1 pound of macaroni; 8 cups of water; 2 tablespoons salt; 1/4 pound of broken ham; 1/2 cup oil; 2 split onions; 1 clove of crushed garlic; 1/4 pound of oversized des menuzada; 1 can of tomato paste; 1 cup water,Hierva los macarrones en agua con sal y escúrralos después de cocidos.; Fría el jamón en el aceite y agregue los demás ingredientes.; Cueza a fuego lento por 15 minutos.; Añada los macarrones y revuelva.; Sirva caliente.,Boil the macaroni in salted water and drain them after cooking.; Fry the ham in the oil and add the other ingredients; Simmer for 15 minutes.; Add the macaroni and stir.; Serve hot.,macarrones con sobreasada,macaroni with sobrassada,https://chroniclingamerica.loc.gov/lccn/sn82001257/1957-07-06/ed-1/seq-5/,,,
r21,DLA,FL,plato principal,main,sin gluten,gluten-free,pollo; sal; ajo; orégano; cebolla; cerdo; jamón; mantequilla; salsa de tomate; pasas,chicken; salt; garlic; oregano; onion; pork; ham; butter; tomato sauce; raisins,1 pollo de 4 libras; 3 cucharaditas de sal; 3 dientes de ajo machacado; media cucharadita de orégano en polvo; 1 cebolla picada; 1 1/2 libras de carne de cerdo; un cuarto libra de jamón; 3 cucharadas de mantequilla; 2 cucharadas de salsa de tomate; 1 cucharada de pasas,1 4-pound chicken; 3 teaspoons salt; 3 cloves of crushed garlic; half a teaspoon of oregano powder; 1 chopped onion; 1 1/2 pounds of pork; a quarter pound of ham; 3 tablespoons butter; 2 tablespoons tomato sauce; 1 tablespoon raisins,Adobe el pollo por dentro y por fuera varias horas antes de rellenarlo.;Muela el jamón y la carne de cerdo y añádale los demás ingredientes sazone y rellane el pollo.;Cosa la abertura y engráselo por fuera con mantequilla.; Cueza en el horno en un molde destapado y cuando esté dorado cubra con la tapa y cueza a fuego lento por espacio de 2 horas.,"Marinate the chicken inside and outside several hours before filling it.; Grind the ham and the pork and add the other ingredients seasoning and fill the chicken.; Sew the opening and grease it on the outside with butter.; Cook in the oven in an uncovered mold. When golden, cover with the lid and simmer for 2 hours.",pollo relleno,stuffed chicken,https://chroniclingamerica.loc.gov/lccn/sn82001257/1958-02-23/ed-1/seq-5/,,,
r22,DLA,FL,plato principal,main,,,carne; cebolla; sal; pimienta; nuez moscada; huevo; galleta en polvo; grasa; pan; salsa mostaza,beef; onion; salt; pepper; nutmeg; egg; cracker meal; lard; bread; mustard sauce,2 libras de carne de res molida; 1 cebolla rallada; 1/2 cucharada de sal; 1/4 cucharadita de pimienta en polvo; 1/4 cucharadita de nuez moscada; 4 huevos; 1 1/2 taza de galleta en polvo; grasa para freír; 8 medallones de pan tostados; salsa mostaza,2 pounds of ground beef; 1 grated onion; 1/2 tablespoon salt; 1/4 teaspoon pepper powder; 1/4 teaspoon nutmeg; 4 eggs; 1 1/2 cup cracker meal; oil; 8 toasted bread medallions; mustard sauce,"Se coloca la carne en un tazón y se le añade la cebolla, la sal, la pimienta y la nuez moscada.; Se ligan bien estos ingredientes.; Se añaden 2 huevos, ligando bien cada uno.; Se añade galleta en polvo hasta darle consistencia a la masa, pero que esté suave.; Se divide en 8 partes.; Se bolea cada parte y se aplasta hasta dejarla de 1/4 pulgada de espesor.; Se pasan por migas de pan o galleta en polvo, por huevos batidos y por galleta otra vez.; Se fríen en grasa caliente, hasta que se doren.; Se escurren.; Se colocan sobre el medallón de pan y se les vierte la salsa.; Se sirven calientes.; Si se deseá se adornan con rueditas de limón polvoreadas de paprika.","Place the meat in a bowl and add the onion, salt, pepper and nutmeg. Mix well.;Add 2 eggs, mixing each one in well.;Add cracker meal to give consistency to the dough, but it should still be soft.;Divide into 8 parts.; Each part is bowled and crushed until it is 1/4 inch of thickness.;Pass each part through breadcrumbs or cracker meal, beaten eggs and crumbs again.;Fry in hot oil, until golden brown.;Sauce is poured on them.;They are served hot. If desired they are garnished with lemon wheels powdered with paprika.
",medallones de carne empanizados,breaded meat medallions,https://chroniclingamerica.loc.gov/lccn/sn82001257/1960-08-14/ed-1/seq-5/,,,
r23,DLA,FL,plato principal,main,vegetariano,vegetarian,cebolla; aceite; ajo; tomate; hoja de laurel; azúcar; sal; pimienta,onion; oil; garlic; tomato; bay leaf; sugar; salt; pepper,1 cebolla picada; 1/4 taza de aceite; 4 dientes de ajo picado; 1 taza de salsa de tomate; 1 lata de tomates al natural; 1 hoja de laurel; 1 cucharadita de azúcar; 1 cucharadita de sal; 1/2 cucharadita de pimienta en grano,1 chopped onion; 1/4 cup of oil; 4 garlic cloves; 1 cup of tomato sauce; 1 can of tomatoes; 1 bay leaf; 1 teaspoon of sugar; 1 teaspoon of salt; 1/2 teaspoon of ground pepper,"Fría la cebolla en el aceite.; Añada los demás ingredientes y cueza a fuego lento hasta que espese, como por media hora.; Maje y euele.","Fry the onion in the oil.; Add the other ingredients and simmer until it thickens, approximately half an hour.; Mash and strain.",salsa sencilla para espaghetti,simple spaghetti sauce,https://chroniclingamerica.loc.gov/lccn/sn82001257/1958-03-23/ed-1/seq-5/,,,
r25,DLA,FL,postre,dessert,vegetariano,vegetarian,leche; coco; huevo; fécula de maíz; chocolate; azúcar,milk; coconut; egg; cornstarch; chocolate; sugar,1/2 litro de leche; 1 taza de coco rallado; 6 yemas batidas; 2 cucharadas de fécula de maíz; 5 cucharadas de chocolate rallado; 6 cucharadas de azúcar molida,1/2 liter of milk; 1 cup grated coconut; 6 beaten egg yolks; 2 tablespoons cornstarch; 5 tablespoons grated chocolate; 6 tablespoons powdered sugar,"Ponga a remojar el coco con leche para que se humedezca.; En un tazón mezcle el coco con las yemas, la fécula de maíz y el chocolate.;Bata y una poco a poco el azúcar y la leche, vierta en una cacerola y ponga a cocer a fuego lento.; Para que no se adhiera al fondo de la cacerola debe moverse continuamente.; Cuando la preparación comience a despegarse del recipiente, retírela del fuego y déjela enfriar.;Echela dentro de un recipiente de cristal o porcelana, que labra humedecido con leche fria y colóquela en la refrigeradora hasta qué se congele.","Soak the coconut with milk to moisten.;In a bowl mix the coconut with yolks, cornstarch and chocolate.;Beat, and a little by little add the sugar and milk.; Pour in a saucepan and cook over low heat.; In order for it not to adhere to the bottom of the saucepan it must be continuously stirred.; When the preparation begins to separate from the pan, remove it from the heat and let it cool.; Pour it into a glass or porcelain container, which is moistened with cold milk.; Place it in the refrigerator until it freezes.",delicia de chocolate,chocolate delight,https://chroniclingamerica.loc.gov/lccn/sn82001257/1958-06-22/ed-1/seq-5/,,,
r26,DLA,FL,bebida,drink,vegetariano,vegetarian,almendra; agua; azúcar,almond; water; sugar,1/2 taza de almendras; 1 1/2 tazas de agua caliente; 2 tazas de agua tibia; 1/2 taza de azúcar,1/2 cup of almonds; 1 1/2 cups of hot water; 2 cups of luke warm water; 1/2 cup of sugar,Ponga las almendras en al agua caliente 5 minutoes para quitarles la cáscara.; Proceda como en la receta anterior.; Sirva bien friá y adorne con una cereza.,Steep the almonds in hot water for 5 minutes to remove their shell.; Proceed with the previous recipe.; Serve very cold and garnish with a cherry.,horchata de almendras,almond horchata,https://chroniclingamerica.loc.gov/lccn/sn82001257/1956-09-14/ed-1/seq-4/,,,
r27,DLA,FL,acompañamiento,side,vegetariano,vegetarian,acelga; agua; sal; aceite; vinagre; sal; pimienta,chard; water; salt; oil; vinegar; salt; pepper,2 mazos de acelgas; 2 tazas de agua; 1 cucharada de sal; 1/2 taza de aceite; 1/4 taza de vinagre; 1 cucharadita de sal; 1/4 cucharadita de pimienta,2 bundles of chards; 2 cups of water; 1 tablespoon of salt; 1/2 cup of oil; 1/4 cup of vinegar; 1 teaspoon of salt; 1/4 teaspoon of pepper,"Lave y hierva las acelgas ligeramente, no más de 5 minutos, pártalas en pedazos, mezcle el aceita, el vinagre, la sal y pimienta y vierta sobre las acelgas.; Adorne con ruedas de cebolla y tomate.","Wash and boil the chards, for no more than 5 minutes, in pieces and mix in the oil, vinegar, salt, and pepper.; Garnish with rings of onions and tomato.",ensalada de acelgas,chard salad,https://chroniclingamerica.loc.gov/lccn/sn82001257/1954-10-29/ed-1/seq-5/,,,
r29,DLA,FL,postre,dessert,vegetariano,vegetarian,"harina; azúcar, polvo de hornear; sal; bicarbonata de soda; mantequilla; naranja",flour; sugar; baking powder; salt; baking soda; butter; orange,300 gramos de harina; 150 gramos de azúcar; 2 cucharadita de polve de hornear; media cucharadita de sal; media cucharadita de bicarbonato de soda; 100 gramos de mantequilla; 1 naranja,300 grams of flour; 150 grams of sugar; 2 teaspoon baking powder; half a teaspoon of salt; half a teaspoon of baking soda; 100 grams of butter; 1 orange,"Pasar por un cernidor 300 gramos de harina, 150 de azúcar,
2 cucharaditas llenas de polvo de hornear, media de sal y media de bicarbonato de soda.; Mezclar una taza de jugo de naranjas con la ralladura de una naranja, 100 gramos de mantequilla derretida apenas, un huevo batido y se le agrega a los otros ingredientes; poner en un molde enmantecado y enharinado y cocer como las anteriores.; Se le puede hacer un bañito con 100 gramos de mantequilla, 200 de azúcar impalpable, jugo y ralladura de esa fruta.","Pass through a sifter 300 grams of flour, 150 of sugar, 2 teaspoons filled with baking powder, half teaspoon of salt and a half teaspoon of baking soda.; Mix a cup of orange juice with the zest of an orange, 100 grams of lightly melted butter, a beaten egg and add it to the other ingredients.; Put in a buttered and floured mold do and cook like the previous ones.; You can make a bath with 100 grams of butter, 200 of impalpable sugar, juice and zest of that fruit.",tortas de naranjas,orange cakes,https://chroniclingamerica.loc.gov/lccn/sn82001257/1958-01-11/ed-1/seq-4/,,,
r30,DLA,FL,plato principal,main,,,macarrones; queso; salsa blanca; salchica,macaroni; cheese; bechamel; sausages,"1/2 libra de macarrones; 
1/2 libra de queso americano rallado; 2 tazas de salsa blanca; 2 latas de salchichas estilo Viena.",1/2 pound macaroni; 1/2 pounds of grated American cheese; 2 cups bechamel; 2 cans of Vienna sausages,"Cocine los macarrones en bastante agua de sal, hasta que estén blandos.; Retire del fuego, escúrralos y écheles agua calienté nuevamente.; Vuelva a escurrir.; Haga una salsa blanca con la receta que le ofrecemos más abajo, y añádale el queso rallado.; Corte en rueditas varias salchichas, dejando 6 enteras para el adorno.; Combine los macarrones, la salsa y las rodajas de salchichas.; Eche esta mezcla en un molde engrasado, cuadrado o redondo, como usted prefiera, pero que sea de cristal a prueba de fuego.; Póngalo al horno, a una temperatura de 375 grados F por espacio de 20 minutos.; Sáquelo, colóquele las salchichas en el centro, como ilustra la foel centro, con unas hojitas de perejil como adorno; vuelva el molde al horno y téngalo cocinando por 10 minutos más.; Cantidad para seis personas.","Cook the macaroni in plenty of salt water, until soft.;Remove from heat, drain them and pour warm water again. Drain again.;Make a white sauce with the additional recipe we offered, and add the grated cheese.;Cut into wheels several sausages, leaving 6 whole for adornment.;Combine the macaroni, sauce, and sausage slices.;Pour this mixture into a greased, square or round mold, as you prefer, but that is made of fireproof glass.;Bake it at a temperature of 375 degrees F for 20 minutes.;Take it out, place the sausages in the center, with some parsley leaves as an ornament;Return the pan to the oven and have it cooking for 10 more minutes.;Serves 6 people.

",macarrones con salchichas a lo viena,macaroni and Vienna sausages,https://chroniclingamerica.loc.gov/lccn/sn82001257/1958-03-07/ed-1/seq-5/,,,
r31,DLA,FL,postre,dessert,vegetariano; sin gluten,vegetarian; gluten-free,dulce de coco; mantequilla; huevo; almendra,shredded coconut; butter; egg; almond,2 tazas de dulce de coco; 2 cucharadas de mantequilla derretida; 2 huevos batidos; 2 onzas de almendras pelada,2 cups shredded coconut; 2 tablespoons melted butter; 2 beaten eggs; 2 ounces peeled almonds,Añada la mantequilla y los huevos al dulce de coco.; Vierta en -un molde llano engrasado.; Adorne con las almendras.; Hornée a fuego moderado por 20 minutos.,Add the butter and eggs to the shredded coconut.; Pour into a flat greased mold.; Garnish with almonds.; Bake over moderate heat for 20 minutes.,cocada,sweet coconut drink,https://chroniclingamerica.loc.gov/lccn/sn82001257/1956-10-28/ed-1/seq-5/,,,
r32,DLA,FL,postre,dessert,vegetariano,vegetarian,panetela; ron; coco; guindas; dulce de leche,pound cake; rum; coconut; cherries; dulce de leche,"1 panetela; 1 copa de ron; 8 cucharadas de coco rallado; 10 guindas confitadas;
1 kilogramo de dulce de leche","1 pound cake; 1 glass of rum; 8 tablespoons grated coconut; 10 candied cherries;
1 kilogram of dulce de leche","Se corta la panetela en capas
finas y se le rocía con ron, cubriendo con dulce de leche.; Se forma de nuevo y se cubre por encima y alrededor con el mismo dulce.; Se pega coco rayado alrededor y se decora por encima con el resto de dulce.; Adórnese con guindas confitadas partidas por la mitad.","The pound cake is cut into layers fine and sprinkled with rum, covering with dulce de leche.;It is layered and covered above and around with the same dulce.; Sprinkle around dulce and decorate on top with the rest of the dulce.; Garnish with candied cherries split in half.",panetela portena,layered pound cake,https://chroniclingamerica.loc.gov/lccn/sn82001257/1959-04-14/ed-1/seq-4/,,,
r33,DLA,FL,plato principal,main,,,huevo; sal; pimienta; tocineta; queso; bechamel,egg; salt; pepper; bacon; cheese; bechamel,"12 huevos cocidos duros; 1 cucharadita de sal; 1/4 cucharadita de pimienta;
3 lonjas de tocineta;
1/2 taza de queso rallado;
2 tazas de salsa blanca",12 hard-boiled eggs; 1 teaspoon salt; 1/4 teaspoon pepper; 3 slices of bacon; 1/2 cup grated cheese; 2 cups bechamel,"Parta los huevos en dos cada uno.; Maje las yemas.; Fría la tocineta y parta en pedazos pequeños.; Añada
a las yemas majadas, sazone con sal y pimienta y rellene las mitades de huevos.; Mezcle la salsa blanca
con el queso, vierta sobre los huevos rellenos y sirva.","Split each of the hard-boiled eggs in half, to separate the white from the yolks. Mix the yolks.; Fry the bacon and break into small pieces.; Add to the mixed yolks, season with salt and pepper and fill the egg halves.; Mix the white sauce with the cheese, pour over the stuffed eggs and serve.",huevos rellenos con tocineta,deviled eggs,https://chroniclingamerica.loc.gov/lccn/sn82001257/1954-02-02/ed-1/seq-4/,,,
r34,DLA,FL,acompañamiento,side,vegetariano; sin gluten,vegetarian; gluten-free,papa; sal; huevo; queso; manteca,potato; salt; egg; cheese; oil,1 1/2 libras de papas; 1 cucharada de sal; 2 huevos; 1 taza de queso rallado; 1/2 libra de manteca,1 1/2 pounds of potatoes; 1 tablespoon salt; 2 eggs; 1 cup grated cheese; 1/2 pound butter,Hierva y maje las papas.; Añádale los huevos y el queso y fría en manteca.,Boil and mash the potatoes.; Add the eggs and cheese and fry in butter.,frituras de papa,potato fritters,https://chroniclingamerica.loc.gov/lccn/sn82001257/1954-02-03/ed-1/seq-4/,,,
r35,DLA,FL,plato principal; acompañamiento,main; side,,,papa; sal; huevo; harina; carne,potato; salt; egg; flour; beef,2 libras de papas; 1 cucharadita de sal; 2 huevos batidos; 4 cucharadas de harina; 2 tazas de picadillo de carne para relleno,2 pounds of potatoes; 1 teaspoon salt; 2 beaten eggs; 4 tablespoons flour; 2 cups minced meat filling,"Hierva y maje las papas.; Añádale la sal, los huevos y la harina.; Divida en dos porciones.; Ponga una parte en un molde engrasado de manera que cubra todo el molde.; Eche el picadillo y extiéndalo y rubra con el resto de las papas.; Cueza en horno moderado a 350 grados F por 30 o 40 minutos.","Boil and mash the potatoes.; Add salt, eggs, and flour.; Divide into two portions.; Put a part in a greased mold so that it covers the entire mold.; Pour the ground beef and spread it and rub with the rest of the potatoes.; Cook in a moderate oven at 350 degrees F for 30 or 40 minutes.",pastelon de papas,potato pie,https://chroniclingamerica.loc.gov/lccn/sn82001257/1954-03-12/ed-1/seq-4/,,,
r36,DLA,FL,bebida,beverage,"vegetariano; vegano; 
sin gluten",vegetarian; vegan; gluten-free,"agua; cebada; azúcar;
jugo de limón",water; barley; sugar; lemon juice,"6 vasos; 4 tazas de agua caliente; 4 cucharadas de cebada en polvo;
1 taza de azúcar; 1 1/2 cucharaditas de jugo de
limón",6 glasses; 4 cups of hot water; 4 tablespoons barley powder; 1 cup sugar; 1 1/2 teaspoons juice lemon,"Mezcle la cebada con un poco de agua fría, añada el agua caliente e hierva por algunos minutos, moviendo constantemente.; Cuele la' cebada, añada el azúcar y el jugo de limón.; Sirva
bien frío.","Mix the barley with a little cold water, add the hot water and boil for a few minutes, stirring constantly.; Strain the barley, add the sugar and lemon juice.; Serve very cold.",refresco de cebada,barley soda,https://chroniclingamerica.loc.gov/lccn/sn82001257/1954-05-01/ed-1/seq-5/,,,
r37,DLA,FL,plato principal; acompañamiento,main; side,sin gluten,gluten-free,garbanzos; guisantes; chorizos; orégano; laurel; perejil; cebolla; pimiento; aceite; sal,garbanzo beans; peas; chorizo; oregano; bay leaf; parsley; onion; pepper; oil; salt,1 taza de garbanzos; 1 taza de guisantes; 3 chorizos colorados; 1 cucharadila de orégano; 2 hojitas de laurel; 1 ramita de perejil; 1 cebolla; 1 pimiento; aceite; sal,1 cup chickpeas; 1 cup peas; 3 red chorizos; 1 teaspoon oregano; 2 bay leaflets; 1 sprig of parsley; 1 onion; 1 pepper; oil; salt,"Se dejan en remojo desde el día anterior los garbanzos y los guisantes, después de lavarlos bien.; Se ponen a hervir en la misma agua en que han amanecido.; Cuando tomen punto se les agrega el laurel, el orégano, el perejil, se pican la cebolla y ios pimientos y se les saltea en aceite con una pizca de sal y se les añade esto junto con los chorizos en trozos.; Se revuelve, se deja reducir bien la salsa y se sirve muy caliente.","Wash chickpeas and peas well and leave soaking overnight.; Boil them in the same water in which they have soaked.; Once softened, add the bay leaf, oregano, parsley.; Chop the onion and peppers and sauté in oil with a pinch of salt. ; Add the chorizos in pieces, and stir.; Continue to stir to allow the sauce to reduce well and serve very hot.",potaje campesino,country stew,https://chroniclingamerica.loc.gov/lccn/sn82001257/1954-05-05/ed-1/seq-5/,,,
r38,DLA,FL,acompañamiento,side,vegetariano,vegetarian,arroz; sal; huevo; pimienta; perejil; leche; polvo de galletas; pan tostado,rice; salt; egg; pepper; parsley; milk; crackermeal; toasted bread,"2 tazas de arroz blanco cocido; 1/4 cucharadita de sal;
1 huevo batido;
1/2 cucharadita de pimienta;
2 cucharadas de perejil picado;
3 cucharadas de leche;
1 taza de polvo de galletas o
pan tostado","2 cups cooked white rice; 1/4 teaspoon salt;
1 beaten egg;
1/2 teaspoon pepper;
2 tablespoons chopped parsley;
3 tablespoons of milk;
1 cup cracker meal or
toast
","Al arroz cocido añádale el huevo, la pimienta, sal, perejil, y leche.; Forme las croquetas y espolvoréelas con el polvo de galletas (o pan tostado).; Fríalas en manteca caliente y abundante y escúrralas sobre papel absorbente.; Puede usarse queso en lugar de perejil.","Add egg, pepper, salt, parsley, and milk to cooked rice.; Form the croquettes and sprinkle with the cracker meal (or toast).; Fry them in hot and abundant butter and drain them on absorbent paper.; Cheese can be used instead of parsley.",croquetas de arroz,rice croquettes,https://chroniclingamerica.loc.gov/lccn/sn82001257/1954-08-17/ed-1/seq-5/,,,
r39,DLA,FL,acompañamiento,side,vegetariano; vegano; sin gluten,vegetarian; vegan; gluten-free,ajo; pimienta en grano; sal; aceite; agua; vinagre; tomate; cebolla; pepinillos; pimiento,garlic; peppercorn; salt; oil; water; vinegar; tomato; onion; pickles; pepper,"1 diente de ajo; 1/4 cucharadita de pimienta en
grano; 1/2 cucharadita de sal;
3 cucharadas de aceite; 4 tazas de agua; 2 cucharadas de vinagre; 4 tomates picados; 2 cebollas picadas; 2 pepinillos picados; 2 pimientos picados","1 clove of garlic; 1/4 teaspoon peppercorns; 1/2 teaspoon salt; 3 tablespoons of oil; 4 cups of water; 2 tablespoons vinegar; 4 chopped tomatoes; 2 chopped onions; 2 chopped pickles; 2 peppers, chopped","Muela el ajo junto con la pimienta, la sal y añada el aceite, el agua y el vinagre.; Cuele y agregue a las hortalizas picadas.; Ponga en la nevera por varias horas y añada cuadritos de pan antes de servirlo.","Grind the garlic along with the pepper, salt and add the oil, water and vinegar.; Strain and add to chopped vegetables.; Put in the fridge for several hours and add slices of bread before serving.",gaspacho,gazpacho,https://chroniclingamerica.loc.gov/lccn/sn82001257/1955-07-28/ed-1/seq-5/,,,
r40,DLA,FL,plato principal; acompañamiento,main; side,sin gluten,gluten-free,"carne; ajo; sal; pimienta negra; 
jugo de limón; vinagre de sidra;
polvos de chili; orégano; salsa de tomate",meat; garlic; salt; black pepper; lemon juice; apple cider vinegar; chili powder; oregano; tomato sauce,"1 1/2 libras de carne de bisté
(beefsteak); 2 dientes de ajo; 1 cucharadita de sal; 3/4 cucharadita de pimienta
negra en polvo; 
1 cucharadita de jugo de limón; 1 cucharadita de vinagre de sidra;
1/2 cucharadita de polvos de
chili; 1 cucharadita de hojas de orégano partidas; 2 latas de 8 onzas de salsa de tomate","1 1/2 pounds steak meat
(beefsteak); 2 cloves of garlic; 1 teaspoon salt; 3/4 teaspoon 
ground black pepper; 
1 teaspoon lemon juice; 1 teaspoon cider vinegar;
1/2 teaspoon powders
chili; 1 teaspoon split oregano leaves; 2 8-ounce cans of tomato sauce
","Corte la carne en 4 raciones.; Maje los ajos y mezcle con la sal y la pimienta.; Adobe la carne con ésto por todos lados.; Combine el jugo de limón y el vinagre, los polvos chili y el orégano.; Eche sobre la carne y déjelo asi remojado por tres horas.; Luego póngalo en un molde y rocíele la salsa de tomate.; Ase por 15 minutos o hasta que se dore por uno de los lados, luego vírelo por el otro, y déjelo otros 15 minutos, o hasta que esté completamente marrón y tierna.; Para 4 raciones.","Cut the meat into 4 servings.;Mash the garlic and mix with the salt and pepper.;Season the meat with garlic mixture.;Combine lemon juice, vinegar, chili powder and oregano.;Pour over the meat and leave it soaking for three hours.;Then put it in a mold and sprinkle the tomato sauce.;Roast for 15 minutes or until browned on one side. ;Pour some of the sauce over it on the other side and leave it for another 15 minutes, or until it is completely brown and tender.;Serves 4",carne a la parisienne,beef a la parisienne,https://chroniclingamerica.loc.gov/lccn/sn82001257/1956-02-16/ed-1/seq-5/,,,
r41,DLA,FL,plato principal,main,sin gluten,gluten-free,seso; huevo; pan; queso; mantequilla; sal; pimienta,brain; egg; bread; cheese; butter; salt; pepper,1 seso; 2 huevos batidos; 4 cucharadas de pan rallado; 6 cucharadas de queso rallado; 2 cucharadas de mantequilla; 1 cucharadita de sal; 1/8 cucharadita dé pimienta,1 brain; 2 beaten eggs; 4 tablespoons of breadcrumbs; 6 tablespoons grated cheese; 2 tablespoons butter; 1 teaspoon salt; 1/8 teaspoon pepper,"Hierva el seso, maje y cuele por un colador de tejido abierto.; Agregue los huevos, el pan, el queso, la mantequilla, la sal y la pimienta.; Sazónelo a gusto y échelo en un molde engrasado.; Hornee a una temperatura de 350 grados F por 30 minutos.","Boil the brain, mash and strain through a cheesecloth.; Add the eggs, bread, cheese, butter, salt and pepper.; Season it to taste and pour it into a greased mold.; Bake at a temperature of 350 degrees F for 30 minutes.",budin de seso,brain pudding,https://chroniclingamerica.loc.gov/lccn/sn82001257/1956-10-05/ed-1/seq-5/,,,
r42,DLA,FL,plato principal,main,sin gluten,gluten-free,bacalao; aceite; cebollas; salsa de tomate; aceituna; alcaparra; ajo; papa; pimiento; pasas,cod; oil; onions; tomato sauce; olive; caper; garlic; potato; pepper; raisin,"1 libra de bacalao; 1/2 taza de aceite de oliva; 2 cebollas rebanadas; 1/2 taza de salsa de tomate; 1/2 taza de aceitunas; 1 cucharada de alcaparras; 2 dientes de ajo; 1 libra de papas rebanadas; 2 pimientos maduros asados;
1/4 taza de pasas","1 pound of cod; 1/2 cup olive oil; 2 sliced onions; 1/2 cup tomato sauce; 1/2 cup olives; 1 tablespoon capers; 2 cloves of garlic; 1 pound sliced potatoes; 2 roasted ripe peppers;
1/4 cup raisins","Ponga el bacalao en agua caliente, quite el pellejo y las espinas y corte en pedazos de tamaño mediano.; En una cazuela ponga camadas de bacalao, cebollas y papas, las salsa de tomate, las aceitunas, las alcaparras y las pasas, el ajo y tiras de pimientos.; Vierta el aceite y cueza a juego lento durante 30 minutos.; Puede conocerse en el horno.","Put the cod in hot water, remove the skin and bones and cut into medium-sized pieces.; In a casserole dish, put pieces of cod, onions and potatoes, tomato sauce, olives, capers and raisins, garlic and strips of peppers.; Pour the oil and cook slowly for 30 minutes.; It can be baked in the oven.",bacalo a la vizcaina,basque-styled cod stew,https://chroniclingamerica.loc.gov/lccn/sn82001257/1956-10-20/ed-1/seq-5/,,,
r43,DLA,FL,acompañamiento,side,vegetariano; sin gluten,vegetarian; gluten-free,apio; mantequilla; tomate; agua; arroz; cebolla; azúcar; sal; salsa Worcestershire,celery; butter; tomato; water; rice; onion; sugar; salt; Worcestershire sauce,"1 taza de apio con sus hojas,
cortado; 2 cucharadas de mantequilla; 2 1/2 tazas de tomate picado; 8 taza de agua; 1 1/4 de taza de arroz; 1 1/2 taza de cebolla, cortada
fina; 1 cucharada de azúcar; 4 cucharaditas de sal; 1/2 cucharadita de la salsa in
glesa Worcestershire o
Perrins.","1 cup celery with its leaves, cut; 2 tablespoons butter; 2 1/2 cups chopped tomato; 8 cups of water; 1 1/4 cup rice; 1 1/2 cups onion, chopped fine; 1 tablespoon sugar; 4 teaspoons salt; 1/2 teaspoons Worcestershire sauce","Saltee el apio en mantequilla durante 3 minutos.; Ponga el tomate y el agua.; Haga hervir, eche la cebolla, azúcar, sal y salsa inglesa.; Deje hervir durante 30 minutos.; Agregue el arroz y hierva durante 30 minutos más, siempre con la cacerola tapada.; Tiempo: 1 hora 15 minutos.","Sauté the celery in butter for 3 minutes.;Add the tomato and water. ;Bring to a boil, add the onion, sugar, salt and Worcestershire sauce.;Bring to a boil for 30 minutes.;Add the rice and boil for 30 more minutes, always with the saucepan covered.;Time: 1 hour 15 minutes.",creole beef gumbo,creole beef gumbo,https://chroniclingamerica.loc.gov/lccn/sn82001257/1956-10-25/ed-1/seq-5/,,,
r44,DLA,FL,bebida,beverage,vegetariano; sin gluten,vegetarian; gluten-free,huevo; azúcar; jugo de naranja,egg; sugar; orange juice,6 yemas de huevo; 1 taza de azúcar; 4 tazas de jugo de naranja; 6 claras batidas,6 egg yolks; 1 cup sugar; 4 cups orange juice; 6 egg whites,Bata juntos las yemas y el azúcar.; Añada el jugo a las yemas; mezcle bien y cuele.; Sirva bien frío adornado con las claras batidas a punto de merengue.,Beat the yolks and sugar together.; Add the juice to the yolks; mix well and strain.; Serve very cold garnished with the meringue.,ponche de naranjas,orange punch,https://chroniclingamerica.loc.gov/lccn/sn82001257/1956-11-16/ed-1/seq-5/,,,
r45,DLA,FL,acompañamiento,side,sin gluten,gluten-free,harina de maís; agua; sal; carne de cerdo; cebolla; jamón; manteca; pimiento; tomate,corn flour; water; salt; pork; onion; ham; oil; pepper; tomato,2 tazas de harina de maís; 4 tazas de agua; 1 cucharadita de sal; 1 libra de carne de cerdo; 1 cebolla; 2 onzas de jamón; 3 cucharadas de manteca; 1 pimiento; 1 tomate; 1 cucharadita de sal; manteca,2 cups cornmeal; 4 cups of water; 1 teaspoon salt; 1 pound of pork; 1 onion; 2 ounces of ham; 3 tablespoons oil; 1 pepper; 1 tomato; 1 teaspoon salt; lard,"Prepare un funche duro usando la harina, el agua y la sal.; Muela en la máquina los demás ingredientes y añádale la sal.; Cueza a fuego lento.; Sazone a gusto.; Sobre una hoja de plátano engrasada, eche dos cucharadas de funche y extiéndalo en forma de círculo.; Ponga una cucharada de relleno en el centro y doble en dos afirmando las orillas para que se unan.; Fría en manteca caliente y escurra sobre papel absorbente.","Prepare a thick polenta using cornmeal, water and salt. ;Grind the other ingredients and add the salt.;Simmer. Season to taste.;On a greased banana leaf, pour two tablespoons of the polenta and spread it in a circle.;Add a tablespoon of filling in the center and fold in two affirming the edges so that they come together.;Fry in hot oil and drain on absorbent paper.",pastelillos de maiz,corncakes,https://chroniclingamerica.loc.gov/lccn/sn82001257/1956-11-25/ed-1/seq-5/,,,
r46,DLA,FL,acompañamiento; postre,side; dessert,vegetariano,vegetarian,batata; azúcar; canela;  harina;  leche; mantequilla; huevo; sal,"sweet potato; sugar; cinnamon;  flour;  milk; butter; egg; salt
","1 libra de batata hervida y majada; 1/2 taza de azúcar; 1/4 cucharadita de canela; 1/4 taza de harina de trigo; 1/4 taza de leche; 2 cucharadas de mantequilla
derretida; 2 huevos batidos;
1/4 cucharadita de sal",1 pound sweet potato boiled and mashed; 1/2 cup sugar; 1/4 teaspoon cinnamon; 1/4 cup wheat flour; 1/4 cup milk; 2 tablespoons butter melted; 2 beaten eggs; 1/4 teaspoon salt,"Mezcle los ingredientes en el orden que aparecen, bata para unirlos bien.; Vierta en un molde éngrasado y cueza en horno de calor moderado de 20 a 30 minutos.","Mix the ingredients in the order they appear, beat to join them well.;Pour into a greased mold and cook in a moderate heat oven for 20 to 30 minutes.",budin de batata,sweet potato casserole,https://chroniclingamerica.loc.gov/lccn/sn82001257/1956-12-06/ed-1/seq-5/,,,
r47,DLA,FL,postre,dessert,vegetariano; sin gluten,vegetarian; gluten-free,gelatina; agua; jugo de naranja; fruta,gelatin; water; orange juice; fruit,2 paquetes de gelatina con sabor de naranja; 2 tazas de agua hirviendo; 1 3/4 taza de jugo de naranja; fruta fresca,2 packets of orange-flavored gelatin; 2 cups boiling water; 1 3/4 cup orange juice; fresh fruit,"Disuelva la gelatina en el agua hirviendo.; Añada el jugo de naranja.; Eche en un molde de rosca de 1 litro de capacidad y enfríe hasta que quede firme.; Saque del molde y vierta en un plato de servir.; En el centro del molde, coloque fruta fresca.","Dissolve the gelatin in the boiling water.; Add the orange juice.; Pour into a 1 liter capacity thread mold and cool until firm.; Remove from the pan and pour into a serving plate.; In the center of the mold, place fresh fruit.",rosca de naranja,orange gelatin cake,https://chroniclingamerica.loc.gov/lccn/sn82001257/1956-12-08/ed-1/seq-5/,,,
r48,DLA,FL,acompañamiento,side,sin gluten,gluten-free,papa; apio; pimiento; mayonesa; sal de cebolla; polvo de ajo; pimienta; lechuga; huevo; salchichón; aderezo de tomate,potato; celery; pepper; mayonnaise; onion powder; garlic powder; pepper; lettuce; egg; sausage; tomato dressing,"6 tazas de papas cocidas y
cortadas en dados; 1 1/2 taza de apio picado; 6 cucharadas de pimiento,
picado; 3/4 taza de Mayonesa Kraft; 1 cucharada de sal de cebolla o ajo si prefiere; pimienta recién molida; lechuga; huevos duros; 7 rebanadas de salchichón; 6 cucharadas de aderezo de tomate","6 cups cooked potatoes and
diced; 1 1/2 cup chopped celery; 6 tablespoons crushed pepper; 3/4 cup Kraft Mayonnaise; 1 tablespoon of onion or garlic salt if you prefer; freshly ground pepper; lettuce; hard-boiled eggs; 7 slices of sausage; 6 tablespoons tomato dressing","Se revuelven las papas, el apio y el pimiento con la mayonesa.; Se agregan la sal y la pimienta al gusto.; Póngase un montículo de ensalada sobre lechuga arreglada en un plato.; Se guarnece la ensalada con
lechuga y se acomodan los huevos en forma de concha.; Disponga rebanadas de salchichón en forma de barquillos, rellene éstos de aderezo de tomate y colóquelos en torno de la ensalada.","Stir the potatoes, celery and pepper with the mayonnaise.; Salt and pepper are added to taste.; Put a mound of salad on arranged lettuce on a plate.; Garnish the salad with
lettuce and shell-shaped eggs are arranged.; Arrange slices of sausage in the form of wafers, fill these with tomato dressing and place them around the salad.
",ensalada de papas,potato salad,https://chroniclingamerica.loc.gov/lccn/sn82001257/1957-01-05/ed-1/seq-5/,,,
r49,DLA,FL,acompañamiento,side,sin gluten,gluten-free,cebolla; manteca; jamón; tomate; anchoa; arroz; caldo de gallina; gallina; queso,onion; oil; ham; tomato; anchovy; rice; chicken broth; chicken; cheese,"1/2 libra de cebollas picadas; 4 cucharadas de manteca; 4 onzas de jamón partido; 3 tomates partidos; 3 anchoas partidas; 1 1/2 libras de arroz; 3 tazas de caldo de gallina; 1 pechuga de gallina picada; 1/2 taza de queso parmesano
rallado","1/2 pound chopped onions; 4 tablespoons butter; 4 ounces of broken ham; 3 split tomatoes; 3 split anchovies; 1 1/2 pounds of rice; 3 cups chicken broth; 1 minced chicken breast; 1/2 cup grated parmesan cheese
","Dore las cebollas y añada el jamón, los tomates, las anchoas, y sofría.; Agregue el arroz, revuelva y sofría.; Agregue el caldo y la gallina.; Cuando el arroz esté casi seco, añada el queso, revuelva, vierta en un molde en grasado y espolvoree con galleta molida.; Ponga en un horno de calor moderado por 15 minutos, o sobre la hornilla con brasas en la tapa.","Sauté and brown the onions and add the ham, tomatoes, anchovies.;Add the rice, stir and sauté.;Add the broth and chicken.;When the rice is almost dry, add the cheese, stir, and pour into a grease mold. Sprinkle with ground cracker.;Bake in a moderate heat oven for 15 minutes, or cook on the stove with the lid on.
",arroz a la italiana,Italian rice,https://chroniclingamerica.loc.gov/lccn/sn82001257/1957-01-11/ed-1/seq-5/,,,
r50,DLA,FL,plato principal; acompañamiento,main; side,vegetariano,vegetarian,mantequilla; sal; pimienta; harina; leche; cebolla; papa,butter; salt; pepper; flour; milk; onion; potato,6 cucharadas de mantequilla; 2 cucharaditas de sal; 1/4 cucharadita de pimienta; 3 cucharadas de harina de trigo; 6 tazas de leche caliente; 1 cucharada de cebolla rallada; 2 tazas de papas majadas,"6 tablespoons butter; 2 teaspoons salt; 1/4 teaspoon pepper; 3 tablespoons wheat flour; 6 cups of hot milk; 1 tablespoon grated onion; 2 cups mashed potatoes
","Prepare la salsa blanca derritiendo la mantequilla.; Añadala sal, la pimienta y la harina y mueva hasta formar uná pasta.; Eche la leche caliente y la cebolla y mueva constantemente.; Cuando hierva agregue las papas majadas.; Sirva caliente.","Prepare the bechamel by melting the butter.;Add salt, pepper and flour and stir until it forms a paste.;Pour the hot milk and onion and stir constantly.;When it boils add the mashed potatoes.;Serve hot.
",sopa de papa a la crema,creamy potato soup,https://chroniclingamerica.loc.gov/lccn/sn82001257/1957-02-15/ed-1/seq-5/,,,
r51,DLA,FL,plato principal; acompañamiento,main; side,sin gluten,gluten-free,hígado; harina; sal; aceite; laurel; manteca; vino; espinaca; papa,liver; flour; salt; oil; laurel; butter; wine; spinach; potato,"filetes de hígado; harina; sal; aceite; una hoja de laurel, 50 gramos de manteca; un vaso de vino Marsala; espinacas cocidas; papas cocidas","liver fillets; flour; salt; oil; a bay leaf, 50 grams of butter; a glass of Marsala wine; cooked spinach; lard; cooked potatoes","Cortar unos filetes de hígado tacándole la telita y los nervios y pasarlos por harina y condimentar con sal.; Poner en una sartén media tacita de aceite, calentar bien y dorar los bises; agregarles después una hoja de laurel, 50 gramos de manteca, un vaso de vino Marsala, tapar y dejar hervir despacito hasta que los filetes estén cocidos y la salsa reducida.; Servirlos acompañados con espinacas cocidas y rociadas con manteca y papas cocidas.","Cut some liver fillets by tucking the tails and nerves and pass them through flour and season with salt.; Put in a frying pan half a cup of oil, heat well and brown the encores; then add a bay leaf, 50 grams of butter, a glass of Marsala wine, cover and let it boil slowly until the fillets are cooked and the sauce reduced.; Serve them accompanied with cooked spinach and drizzled with butter and cooked potatoes.
",filetes de higado,liver fillets,https://chroniclingamerica.loc.gov/lccn/sn82001257/1957-03-05/ed-1/seq-5/,,,
r52,DLA,FL,plato principal; acompañamiento,main; side,vegetariano,vegetarian,calabaza; salsa blanca; cebolla,pumpkin; bechamel; onion,"3 tazas de calabaza majada; 3 tazas de salsa blanca; 1 cebolla pequeña, rallada","3 cups of mashed pumpkin; 3 cups bechamel sauce; 1 small onion, grated","Añada a la calabaza majada, la cebolla y la salsa blanca.; Deje hervir y sazone a gusto.; Cuele y
o caldo.; Sirva caliente con galletas saladas o tostadas de pan.","Add onion and bechemel sauce to mashed pumpkin.;Bring to a boil and season to taste.;Strain and serve hot with crackers or toasted bread.
",sopa de calabaza a la crema,creamy pumpkin soup,https://chroniclingamerica.loc.gov/lccn/sn82001257/1957-04-27/ed-1/seq-5/,,,
r53,DLA,FL,bebida; postre,beverage; dessert,"vegetariano; vegano; 
sin gluten",vegetarian; vegan; gluten-free,avena; agua; azúcar; vainilla,oatmeal; water; sugar; vanilla,3/4 taza de avena; 7 tazas de agua; 1 taza de azúcar; 1 cucharadita de vainilla,3/4 cup oatmeal; 7 cups of water; 1 cup sugar; 1 teaspoon vanilla,Ponga la avena en el agua por media hora y cuele.; Endulce y añada la vainilla.; Sirva bien frío adornado con ruedas de limón.,"Put the oatmeal in the water for an half an hour and strain.; Sweeten and add the vanilla.; Serve very cold garnished with lemon wedges.
",refresco de avena,oatmeal drink,https://chroniclingamerica.loc.gov/lccn/sn82001257/1957-04-28/ed-1/seq-5/,,,
r54,DLA,FL,plato principal,main,mariscos,shellfish,langosta; mantequilla; sal; pimienta,lobster; butter; salt; pepper,1 langosta de 3 libras; mantequilla; sal y pimienta a gusto,1 3-pound lobster; butter; salt and pepper to taste,"Corte la langosta a lo largo sin quitarle el caparazón.; Remueva el estómago y los intestinos.; Coloque cada mitad en la parrilla, descansando sobre la concha.; Unte mantequilla y espolvoree con pimienta a gusto.; Cueza a fuego lento durante 40 minutos.; Sirva caliente con mantequilla derretida.","Cut the lobster lengthwise without removing the shell.; Remove the stomach and intestines.; Place each half on the grill, resting on the shell.; Spread butter and sprinkle with pepper to taste.; Simmer for 40 minutes.; Serve hot with melted butter.
",langosta a la parilla,grilled lobster,https://chroniclingamerica.loc.gov/lccn/sn82001257/1957-05-02/ed-1/seq-5/,,,
r55,DLA,FL,plato principal; acompañamiento,main; side,vegetariano,vegetarian,aceite; ajo; almendra; pan; azafrán; comino; canela; agua; sal; huevo,"oil; garlic; almond; bread; saffron; cumin; cinnamon; water; salt; egg
",cantidad regular de aceite; dos ajos; 10 ó 12 almendras mondadas; un pedacito de pan;  unas hebras de azafrán; 1/2 cucharadita de cominos; un poco de canela en polvo; agua hirviendo; sal; 7 huevos,"regular amount of oil; two garlic; 10 or 12 peeled almonds; a little piece of bread;  a few strands of saffron; 1/2 teaspoons of cumin; a little cinnamon powder; boiling water; salt; 7 eggs
","En una cantidad regular de aceite empezaremos por freir dos ajos, 10 ó 12 almendras mondadas, un pedacito de pan, retirándose cuando quede doradito.; En un almirez se empieza por machacar unas hebras de azafrán 1/2 cucharadita de cominos, un poco de canela en polvo; en seguida los ajos, almendras y pan, remojándose con gotas del mismo aceite.; Cuando empiece a transformarse en una pasta fina, añadirle el resto del aceite con que hemos frito las almendras, deslíase hasta quedar una salsa espesa, con agua hirviendo, la sal, etc.; Se vierte esta salsa en un plato que pueda meterse en el horno, se rompen 7 huevos y se cuajan en el horno; sírvase con la yema blanda.; Pueden decorarse con pan frito puesto en
el borde de la fuente.","In a regular amount of oil we will start by frying two garlic, 10 or 12 peeled almonds, a piece of bread, removing when it is browned.; In an almirez you start by crushing a few strands of saffron 1/2 teaspoon of cumin, a little cinnamon powder; then the garlic, almonds and bread, soaking with drops of the same oil.; When it begins to transform into an ifna paste, add the rest of the oil with which we have fried the almonds, slide until you are a thick sauce, with boiling water, salt, etc.; This sauce is poured into a dish that can be put in the oven, 7 eggs are broken and curdled in the oven; serve with the soft yolk.; They can be decorated with fried bread put in
the edge of the fountain.",huevos a la gitanila,gypsy-style eggs,https://chroniclingamerica.loc.gov/lccn/sn82001257/1957-05-12/ed-1/seq-5/,,,
r56,DLA,FL,plato principal,main,sin gluten,gluten-free,salchicha; aceite; agua; sal; papa; mantequilla; leche; huevo,sausage; oil; water; salt; potato; butter; milk; egg,una libra de salchicha fina; aceite; agua; sal; tres cuartos de libra de papas cortadas y peladas; mantequilla; leche; un huevo por cada redondel de salchicha,A pound of fine sausage; oil; water; salt; three-quarters of a pound of cut and peeled potatoes; butter; milk; one egg for each sausage round,"Una libra de salchicha fina se corta en pedazos de más o menos 25 centímetros, se arrollan formando unos redondeles, se prenden con dos palillos de dientes y se frien en aciete.; Aparte sé cocinan en agua y sal tres cuartos de libra de papas cortadas y peladas; Se escurren una vez cocidas y se aplas tan con una maquinita de hacer puré o con un tenedor; se le agregan cuatro cucharadas de mantequilla y media taza de leche caliente, se condimenta con un poquito de sal y se mantiene el calor.; Se fríe un huevo por cada redondel de salchicha.; Una vez todo listo se acomodan en una fuente los redondeles de salchicha, se les ponen encima los huevos fritos y alrededor el puré.","A pound of thin sausage is cut into pieces of about 25 centimeters, rolled into rounds, pinned with two toothpicks and fried in oil.; Separately, three quarters of a pound of cut and peeled potatoes are cooked in water and salt; They are drained once cooked and flattened with a puree machine or with a fork; add four tablespoons of butter and half a cup of hot milk, season with a little salt and keep warm.; One egg is fried for each round of sausage.; Once everything is ready, the sausage rounds are arranged in a dish, the fried eggs are placed on top and the purée around them.",salchichas a la veneciana,"Venetian sausages
",https://chroniclingamerica.loc.gov/lccn/sn82001257/1957-05-23/ed-1/seq-5/,,,
r57,DLA,FL,plato principal; acompañamiento,main; side,sin gluten,gluten-free,salmón; papa; huevo; aceituna; cebolla; lechuga; aceite; sal; jugo de limón; tomate,"salmon; potato; egg; olive; onion; lettuce; oil; salt; lemon juice; tomato
",1 lata de salmón; 3 papas cocidas; 2 huevos duros; 6 aceitunas verdes y 6 negras; rodajas finas de cebolla; hojas de lechuga; 1/2 taza de aceite; 1 cucharadita de sal; el jugo de un limón; 1 tomate,1 can of salmon; 3 cooked potatoes; 2 hard-boiled eggs; 6 green and 6 black olives; thin slices of onion; lettuce leaves; 1/2 cup oil; 1 teaspoon salt; the juice of a lemon; 1 tomato,"Ponga en una fuente, las hojas de lechuga, encima las papas cortadas en rodajas finas, la cebolla, el salmón; condimente con sal, aceite y limón y adorne con tomate, rodajas de huevo duro y las aceitunas."," In a dish, placed the lettuce leaves;Top with thinly sliced potatoes, onion, salmon;Season with salt, oil and lemon and garnish with tomato, hard-boiled egg slices and olives.",ensalada marinera,seafood salad,https://chroniclingamerica.loc.gov/lccn/sn82001257/1957-06-08/ed-1/seq-5/,,,
r58,DLA,FL,postre,dessert,vegetariano; sin gluten,vegetarian; gluten-free,maicena; leche; vainilla; huevo; azúcar,cornstarch; milk; vanilla; egg; sugar,"3 cucharadas al ras de Maizena; 3/4 litro de leche; esencia de vainilla; 4 claras batidas a nieve; 4 yemas; 1/2 taza de azúcar; Si prefiere la crema más agua
da prepárela con más leche",3 heaping tablespoons of cornstarch; 3/4 liters of milk (use more milk for thinner cream); vanilla essence; 4 very beaten egg whites; 4 egg yolks; 1/2 cup sugar,"Batir las claras a punto de merengue consistente.; Hervir la leche con la vainilla.; Echar la preparación de las claras por cucharadas y dejar que se cocinen unos minutos.; Sacar los copos de merengue y escurrirlos sobre un colador.; Colar la leche, batir las yemas con el azúcar y agregarle la leche tibia y la Maicena disuelta previamente.; Cocinar la crema revolviendo hasta que hierva y se espese.; Servirla en una compota colocando los copos y decorarlos con trocítos de jalea o frutas.; Enfriar bien antes de servir.","Beat the egg whites to the point of consistent meringue.; Boil the milk with vanilla.; Add the preparation of the whites by tablespoons and let them cook for a few minutes.; Remove the meringue flakes and drain them on a strainer.; Strain the milk, beat the yolks with the sugar and add the warm milk and the previously dissolved cornstarch.; Cook the cream stirring until it boils and thickens.; Serve it in a compote by placing the flakes and decorating them with pieces of jelly or fruits.; Cool well before serving.",isla flotante,floating island,https://chroniclingamerica.loc.gov/lccn/sn82001257/1957-07-18/ed-1/seq-5/,,,
r59,DLA,FL,plato principal,main,,,carne; cerdo; sal; nuez moscada; pimienta; huevo; coñac; polvo de galletas; jamón,beef; pork; salt; nutmeg; pepper; egg; cognac; cracker meal; ham,"3/4 libra de carne de res molida; 3/4 libra de carne de puerco molida; 2 cucharaditas de sal; 1/2 cucharadita de nuez moscada; 1/4 cucharadita de pimienta en polvo; 1 huevo; 2 yemas; 1/4 taza de coñac; Galleta molida;
1/4 libra de jamón precocinado cortado en lascas",3/4 pounds of ground beef; 3/4 pounds of ground pork; 2 teaspoons salt; 1/2 teaspoon nutmeg; 1/4 teaspoon pepper powder; 1 egg; 2 egg yolks; 1/4 cup cognac; cracker meal; 1/4 pound precooked ham cut into thin slices,"Se coloca en un tazón las carnes y se les añade la sal, nuez moscada y pimienta.; Se revuelve hasta mezclar bien los ingredientes.; Se añade el huevo y cuando esté bien ligado se añade una yema y después de bien ligada se añade la segunda.; Se añade el coñac.; Se liga bien.; Se va añadiendo galleta en polvo hasta obtener una mezcla que se le pueda dar forma.; Se extiende sobre un papel parafinado hasta formar
un rectángulo de 12 x 8 pulgadas.; Se colocan las lascas de jamón sobre la carne.; Se enrolla por la parte más estrecha como si fuera un brazo gitano.; Se envuelve en un lienzo fino previamente humedecido.; Se amarran bien los extremos y se cose la unión de tela.; Se cocina en agua hirviendo a cubrir durante 1 1/4 horas.; Al agua de la cocción se le añade una cebolla, una hoja de laurel, 4 granos de pimienta y dos clavos de olor.; Se añade también una cucharada de sal.; Pasado el tiempo de la cocción se escurre y se deja enfriar a la temperatura ambiente.; Se enfría en el refrigerador y después se le quita la tela y se sirve cortado en ruedas finas.; Si se desea se acompaña con unas ciruelas pasas.","Place the meats in a bowl and add the salt, nutmeg and pepper. Stir until the ingredients until well mixed.;Add and mix in the egg. Then add the yolks, one at a time, mixing well after adding each one. Add the cognac and mix.;Add cracker meal until dough can hold shape.;Spread on a waxed paper to form a rectangle of 12 x 8 inches.;Place the ham slices over the meat. Roll it up starting with the side that is the most stretched.;Wrap in a fine canvas that was previously moistened. The ends are tied well and the fabric joint is sewn.;Cook and cover in boiling water for 1 1/4 hours.;Add an onion, a bay leaf, 4 peppercorns and two cloves to the boiling water. Also add a tablespoon of salt.;After the cooking time, drain and allow to cool to room temperature.;Refrigerate and then serve cut into thin wheels. If desired, it is accompanied with prunes.
",embutido relleno,stuffed sausage,https://chroniclingamerica.loc.gov/lccn/sn82001257/1957-10-17/ed-1/seq-5/,,,
r60,DLA,FL,plato principal,main,,,espagueti; tocineta; maíz en grano cocido; mantequilla; pimienta; queso parmesano,"spaghetti; bacon; corn; butter;
pepper; Parmesan cheese","1 libra de espagueti; 1 libra de tocineta en lonjas; 2 tazas de maíz en grano cocido;
4 cucharadas de mantequilla;
1-4 cucharadita de pimienta;
1-4 libra de queso parmesano
rallado","
1 pound of spaghetti; 1 pound of sliced ​​bacon; 2 cups of cooked corn;
4 tablespoons of butter;
1-4 teaspoon of pepper;
1-4 pounds of grated Parmesan cheese","Hierva los espaguetis y escúrralos.; Engrase un molde y vierta en él la cuarta parte de los espaguetis.; Añada la tercera parte de la tocineta, del maíz y del queso.; Espolvoree con un poco de pimienta y ponga parte de la
mantequilla. Repita esto mismo hasta que haya usado todos los ingiedientes.; Ponga al horno a fuego moderado, 350 grado F. por 25 minutos.","
Boil the spaghetti and drain.; Grease a casserole dish and pour a quarter of the spaghetti into it.; Add a third of the bacon, corn and cheese.; Sprinkle with a little pepper and put part of the
Butter. Repeat this until you have used all the ingredients.; Bake at moderate heat, 350 degrees for 25 minutes.",espagueti con maiz y tocineta,spaghetti with corn and bacon,https://chroniclingamerica.loc.gov/lccn/sn82001257/1956-09-09/ed-1/seq-5/,,,
r61,DLA,FL,postre,dessert,vegetariano,vegetarian,"mantequilla;
azúcar; huevo; vainilla;
harina de trigo;
polvo de hornear; sal;
canela;
clavos;
nuez moscada;
leche;
pasas;",butter; sugar; egg; vanilla; flour; baking powder; salt; cinnamon; cloves; nutmeg; milk; raisins,"1-3 taza de mantequilla;
1 1-3 tazas de azúcar masca
bado;
3 yemas batidas;
1 cucharadita de vainilla;
2 tazas de harina de trigo;
3 cucharaditas de polvo de
hornear;
I- cucharadita de sal;
1 1-2 cucharadita de canela;
11-2- cucharaditas de clavos;
1 1-2 cucharadita de nuez
moscada;
3-4 taza de leche;
1 taza de pasas;
3 claras batidas",1/3 cup butter; 1 1/3 cups powdered suar; 3 egg yolks beaten; 1 teaspoon vanilla; 2 cups wheat flour; 3 teaspoons baking powder; I- teaspoon of salt; 1 1/2 teaspoons cinnamon; 11/2- teaspoons of cloves; 1 1/2 teaspoons walnut Flyme; 3/4 cups milk; 1 cup raisins; 3 egg whites beaten,"Ablande la mantequilla.; Añada el azúcar poco a poco y bata por un rato.; Agregue las yemas batidas y la vainilla y mezcle bien.; Cierna juntos tres veces la harina, el polvo de hornear la sal, la canela, los clavos,
y la nuez moscada, y añada a lamantequilla alternando con la leche.; Añada las pasas y las claras.; Eche en un molde engrasado y cueza en un horno moderado.","Soften butter.; Add the sugar little by little and beat for a while; Add the whipped yolks and vanilla and mix well; Sifting together three times flour, baking powder salt, cinnamon, cloves, and nutmeg, and add to butter alternating with milk.; Add raisins and egg whites; Pour into a greased pan and cook in a moderate oven.",bizcocho de especia,spice cake,https://chroniclingamerica.loc.gov/lccn/sn82001257/1958-09-09/ed-1/seq-4/,,,
r62,DLA,FL,,side,sin gluten,gluten-free,"salsa de tomate de mesa o salsa chile;
jugo de limón;
Tabasco;
salsa inglesa;
apio;
sal",tomato sauce; lemon juice; Tabasco sauce; Worcestshire sauce; celery; salt,"1-2 taza de salsa de tomate
de mesa o salsa chile;
3 cucharadas de jugo de limón;
Unas gotas de Tabasco;
2 cueharaditás de salsa inglesa;
1-2 taza de apio muy picadito;
1-4 cucharadita de sal",1/2 cups tomato sauce table or chili sauce; 3 tablespoons lemon juice; A few drops of Tabasco; 2 cueharaditás of Worcestershire sauce; 1-2 cups very chopped celery; 1/4 teaspoon salt,Se mezclan bien todos los ingredientes y se enfrian.; Se debe guardar la salsa en un fraseo de cristal.,All ingredients are well mixed and cooled.; Store the sauce in a crystal bowl.,"salsa para ""Cocktail"" de Mariscos",cocktail sauce,https://chroniclingamerica.loc.gov/lccn/sn82001257/1958-10-15/ed-1/seq-4/,,,
r63,Gaceta,FL,plato principal; acompañamiento,main; side,vegetariano; mariscos,vegetarian; shellfish,cebolla; mantequilla; caldo; pan; queso,onion; butter; broth; bread; cheese,Seis cebollas; tres cucharadas de mantequilla; un litro de caldo; tres rebanadas de pan; media taza de queso parmesano rallado,Six onions; three tablespoons of butter; one liter of broth; three slices of bread; half a cup of grated Parmesan cheese,"Se cortan la cebollas en rodajas  y se frien en mantequilla, hasta que queden doradas.; Se agrega el caldo y se le da un hervor.; Se tuestan las rebanadas de pan, que se colocan encima de la sopa en una cazuela, cubriendose ligeramente el todo con el queso.; por ultimo, se pone la cazuela al horno durante diez minutos, hasta derretirse el queso.","Cut the onions into slices and fry them in butter, until golden brown.; Add the broth is added and bring to a boil.; Toast the slices of bread and place on top of the soup in a casserole dish, lightly covering them with the cheese.; Finally, put the casserole in the oven for ten minutes, until cheese is melted.",sopa de cebolla,onion soup,https://chroniclingamerica.loc.gov/lccn/sn86002403/1935-11-11/ed-1/seq-3/,,,
r64,Gaceta,FL,acompañamiento,side,vegetariano; sin gluten,vegetarian; gluten-free,huevo; leche; sal; mustard; perejil; tuétano,egg; milk; salt; mustard; parsley; marrow,9 huevos; 3 cucharadas soperas de leche; una cucharadita de mostaza; media cucharadita de perejil picado; 100 gramos de tuétano,9 eggs; 3 tablespoons milk; a teaspoon of mustard; half a teaspoon of chopped parsley; 100 grams of marrow,"En una cacerola se pone un litro de agua y cuando empieza a hervir se le ponen 9 huevos y se dejan cocer 12 minutos exactamente.; Pasado este tiempo, se saca la cacerola del fuego, se van sacando los huevos y
níéndoloa en agua fría, después se les quita el cascarón, se lavan con agua fría, se parten por la mitad a lo largo, se les quita la yema, dejando las claras enteras.; A las yemas se les agrega 3 cucharadas soperas de leche, 5 gramos de sal molida, una cuchaiadita de mostaza, media cucharadda de perejil picado, y 100 gramos de tuétano, que se tomará del hueso del caldo.; Se mezcla todo esto perfectamente y se rellenan lo huevos de las claras y se unen, formando otra vez el huevo.","In a saucepan put a liter of water on the stove and when it starts to boil put in 9 eggs are put and leave to cook exactly 12 minutes.; After this time, remove the saucepan from the stove, remove the eggs and soak them in cold water and remove shells; Wash the eggs with cold water, split in half lengthwise and remove the yolk, leaving the egg whites whole.; To the yolks add 3 tablespoons of milk, 5 grams of fine salt, a teaspoon of mustard, half a tablespoon of chopped parsley, and 100 grams of marrow, which can be taken from the bone used in a broth.; Mix perfectly and fill the eggs, forming the egg again.",huevos rellenos,deviled eggs,https://chroniclingamerica.loc.gov/lccn/sn86002403/1927-03-01/ed-1/seq-2/,,,
r65,DLA,FL,postre,dessert,vegetariano,vegetarian,"huevo; sal; crémor; azúcar;
vainilla; harina; cocoa","egg; salt; cream of tartar; sugar, vanilla, flour, cocoa","1 1-2 taza de claras;
1-4 cucharadita de sal;
1 cucharadita de crémor;
1 1-4 taza de azúcar;
I cucharadita de vainilla;
3-4 taza de harina de trigo;
4 cucharadas de cocoa","1 1-2 cups egg whites;
1-4 teaspoon salt;
1 teaspoon of cream of tartar;
1 1-4 cups sugar;
I teaspoon vanilla;
3-4 cups wheat flour;
4 tablespoons cocoa","Bata las claras con un batidor de alambre hasta que estén a punto de nieve, añada el crémor y continúe batiendo hasta que estén duras, pero no secas.; Agregue el azúcar echando dos cucharadas a un tiempo.; Revuelva de arriba hacia abajo y siga echando azúcar por cucharadas hasta terminarla.; Incorpore la vainilla revolviendo, cierna la harina, sal y cocoa cuatro veces y agregue poco a poco revolviendo.; Vierta en un molde con tubo en el centro sin engrasar y cueza en un horno lento (325 F) durante una hora.","Beat the egg whites with a wire whisk until they form peaks, add the cream and continue beating until hard, but not dry.; Add the sugar two tablespoons at a time.; Stir from top to bottom and keep adding sugar by tablespoons until finished.; While stirring add the vanilla, fold in the flour, salt and cocoa four times adding little by little while stirring.; Pour into a bundt mold in the center and cook in a slow oven (325 F) for one hour.",bizcocho moreno,brown cake,https://chroniclingamerica.loc.gov/lccn/sn82001257/1957-12-08/ed-1/seq-5/,,,
r66,DLA,FL,postre,dessert,vegetariano; sin gluten,vegetarian; gluten-free,batata; boniato; azúcar; mantequilla; marshmallows,"sweet potato; sugar; butter; marshmallows
","2 libras de batata e boniato hervido; 1-2 taza de azúcar mascabado; 2 cucharadas de mantequilla; 12 ""marshmallows""",2 pounds boiled sweet potato; 1-2 cup muscovado sugar; 2 tablespoons butter; 12 marshmallows,"Coloque en un molde engrasado con mantequilla.; Cubra las batatas (boniato) con el azúcar y la mantequilla.; Cueza en horno de calor moderado hasta que el azúcar se derrita y forme caramelo.; Si desea coloque los ""marshmallows"" sobre la batata.; Ponga de nuevo en la parte de arriba del horno por unos minutos para que los ""marshmallows” se doren.","Place in a greased pan with butter.; Cover sweet potatoes (sweet potato) with sugar and butter.; Cook in a moderate heat oven until the sugar melts and forms a caramel.; If you want, place the ""marshmallows"" on the sweet potato.; Put back on the top  rack of the oven for a few minutes to let the marshmallows brown.","batata o boniato ""Glace""",glazed sweet potatoes,https://chroniclingamerica.loc.gov/lccn/sn82001257/1962-07-22/ed-1/seq-7/,,,
r67,DLA,FL,acompañamiento,side,vegetariano; sin gluten,vegetarian; gluten-free,huevo; salsa blanca; mantequilla; queso,egg; bechamel; butter; cheese,"5 huevos duros; salsa blanca;
mantequilla; queso rallado","5 hard-boiled eggs; bechamel;
butter; grated cheese","Póngase la mitad de la salsa blanca en una fuentecita resistente al calor del horno y encima los 5 huevos duros cortados en rodajas.; Cúbrase con el resto de la salsa; Rocíese con mantequilla y espolvoréese con
queso rallado, póngase al horno y déjese dorar.",Put half of the white sauce in a heat-resistant dish of the oven; put the 5 hard-boiled eggs cut into slices on top.; Top with the rest of the sauce; Drizzle with butter and sprinkle with grated cheese.; Bake and let it brown.,huevos reina carlota,Queen Charlotte Eggs,https://chroniclingamerica.loc.gov/lccn/sn82001257/1962-07-22/ed-1/seq-7,,,
r68,DLA,FL,postre,dessert,vegetariano; sin gluten,vegetarian; gluten-free,huevo; azúcar; vainilla; polvo de hornear; dulce de leche; mermelada,egg; sugar; vanilla; baking powder; dulce de leche; marmalade,"6 yemas de huevo; 3-4 taza de azúcar; 1-3 cucharadita de esencia de vainilla; 6 claras;
3 cucharaditas de polvo Royal
1 1-2 de dulce de leche o mermelada;","6 egg yolks; 3/4 cup sugar; 1/3 teaspoon vanilla essence; 6 clear;
3 teaspoons Royal powder
1 1/2 of dulce de leche or jam; MERINGUE; 5 egg whites; 1 cup sugar; 1-4 teaspoon vanilla essence","Se baten las yemas con el azúcar hasta que estén espumosas, se les añade la esencia y se deja de batir.; Se le agregan las claras batidas a nieve revolviendo suavemente con cuchara de madera.; Se tamizan juntos la harina y el Polvo Royal y se agregan a la mezcla anterior revolviendo despacio, nada más que
para unir.; Se vierte la preparación en un molde enmantecado y enharinado y se cuece en
horno moderado durante 30 minutos.; Una vez cocido se desmolda sobre rejilla y se deja enfriar.;
Se corta el bizcocho en tres capas, que se untan abundantemente con el dulce.; Se vuelve a armar y se decora con el merengue.; Se termina de adornar con higos.
","Beat the yolks with the sugar until they are foamy, add the essence and stop beating.; Add the egg whites beaten to forming peaks gently stirring with wooden spoon.; Sift together the flour and Royal Powder and add to the previous mixture stirring slowly, nothing more than to incorporate.; Pour the batter into a buttered and floured mold and cook in at moderate heat for 30 minutes; Once cooked remove from rack and allow to cool; Cut the cake into three layers, then spread amply with the dulce de lechet.; Reassemble the cake and decorated with meringue.; Garnish with figs.",bizcocho merengado,meringue cake,https://chroniclingamerica.loc.gov/lccn/sn82001257/1958-02-02/ed-1/seq-5/,,,
r69,DLA,FL,postre,dessert,vegetariano; sin gluten,vegetarian; gluten-free,huevo; azúcar; vainilla,egg; sugar; vanilla,5 claras de huevo; 1 taza de azúcar; 1-4 de cucharadita de esencia de vainilla,5 egg whites; 1 cup sugar; 1/4 teaspoon vanilla essence,"Se colocan en una cacerola las claras y el azúcar.; Se baten sobre calor suave hasta que queden blanca y espesa.; Se retira del calor, se agrega la esencia y se bate hasta que enfríe.; Se conoce el punto cuando queda con consistencia.",Put egg whites and sugar in a saucepan; Beat over soft heat until they are white and thick; Remove from heat and add the vanilla essence and beaten until it cools.; When it holds its shape consistently it is finished.,merengue al fuego,stovetop meringue,https://chroniclingamerica.loc.gov/lccn/sn82001257/1958-02-02/ed-1/seq-5/,,,
r70,DLA,FL,plato,main,,,"lomo; carne; tocino; sal; nuex moscado; huevo; pan; vino;  jamón; berenjena, caldo","pork; beef; bacon; salt; nutmeg; egg; bread; wine; eggplant, broth",lomo; carne de res; carne de cerdo; tocino; sal; nuez moscada; 1 huevo crudo; migas de pan blanco; un vaso de vino Sauterne; huevo duro;  jamón legumbres; sal pimienta; un poco de caldo,"pork tenderloin; beef; bacon; salt; nutmeg; 1 raw egg; white bread crumbs; a glass of Sauterne wine; vegetables; pepper salt; a little broth
","Se escoge el lomo, se abre por la mitad a lo largo y se aplasta con mucho cuidado para que se estire la carne.; Se muelen carne de res, de cerdo, tocino, sal y nuez moscada, se le añade 1 huevo crudo, migas de pan blanco y un vaso de vino Sauterne.; Se coloca esta mezcla sobre el lomo, se agrega al relleno lascas de huevo duro y jamón, se enrolla y se ata para que no se salga el relleno.; Se rodea con legumbres cortadas menudamente, se rocía con vino blanco, sal, pimienta y un poco de caldo.; Al quedar el lomo perfectamente cocido en el horno, para que tome color se pasa el jugo correspondiente y se sirve muy
caliente rodeándolo de berenjenas asadas.; Puede también serirse frío, con salsa mayonesa.","Choose the loin and cut it down the middle and open it lengthwise and spread very carefully so that the meat is stretched.; Grind beef, pork, bacon, salt and nutmeg, add 1 raw egg, white bread crumbs and a glass of Sauterne wine.; Place the mixture on the loin, add slices of hard-boiled egg and ham to the filling; Roll and tie the meat so that the filling does not come out.; Surround  delicately cut legumes, drizzle with white wine, salt, pepper and a little broth.; When the loin is perfectly cooked in the oven, when it has color, the corresponding juice is passed and served very hot surrounding it with roasted eggplants.; It can also be served cold with mayonnaise.",lomo de cerdo relleno a la parisiense,Parisian stuffed pork loin,https://chroniclingamerica.loc.gov/lccn/sn82001257/1957-06-01/ed-1/seq-5/,,,
r71,DLA,FL,plato,main,,,ternera; sal; pan; queso; huevo; limón; salsa de tomate,veal; salt; bread; cheese; egg; lemon; tomato sauce,ternera; sal; pan; queso; huevo; limón; salsa de tomate,veal; salt; bread; cheese; egg; lemon; tomato sauce,"Se limpian las chuletas, se sazonan con sal, se pasan por migas de pan blanco, con algo de queso rallado, por huevo batido y por último por la miga de pan mezclada con la cantidad deseada de queso.; Se fríen bien doradas.; Sírvanse adornadas con limón y salsa de tomate.","
Clean the veal chops and season with salt, cover in white bread crumbs and some grated cheese, beaten egg and finally in bread crumbs mixed with the desired amount of cheese.; Fry until well browned.; Serve  garnished with lemon and tomato sauce.
",chuletas de ternera a la milanesa,"veal chops a la Milanese
",https://chroniclingamerica.loc.gov/lccn/sn82001257/1957-05-26/ed-1/seq-5/,,,
r72,DLA,FL,acompañamiento; postre,side; dessert,vegetariano; sin gluten,vegetarian; gluten-free,"papas; sal; mantequilla;
huevo; manteca",potatoes; salt; butter; eggs; lard,"1 1-2 libras de papas; 1 cucharadita de sal; 3 cucharadas de mantequilla;
5 huevos; 1 libra de manteca",1 1/2 pounds potatoes; 1 teaspoon salt; 3 tablespoons butter; 5 eggs; 1 pound butter,Hierva y maje las papas.; Añadale la mantequilla y los huevos uno a uno y bata al agregarlos.; Fría en manteca caliente por cucharadas.; Escurra y sírvalos en almíbar o espolvoree con azúcar.,Boil and mash the potatoes.; Add the butter and eggs one by one and beat when adding.; Fry in hot lard by tablespoons.; Drain and serve in syrup or sprinkle with sugar.,buñuelos de papas,potato fritters,https://chroniclingamerica.loc.gov/lccn/sn82001257/1957-11-03/ed-1/seq-5/,,,
r73,DLA,FL,acompañamiento; plato,side; main,vegetariano,vegetarian,leche condensada; agua; huevo; harina; canela; vainilla,condensed milk; water; egg; flour; cinnamon; vanilla,1-2 lata de Leche Condensada; 1 taza de agua; 3 huevos; 1-2 cucharada de harina; 1-4 cucharadita de canela en polvo; 1-4 cucharadita esencia de vainilla,1/2 can of condensed milk; 1 cup water; 3 eggs; 1/2 tablespoons flour; /-4 teaspoon cinnamon powder; 1-4 teaspoon vanilla essence,"Se diluye la leche condensada en el agua, se agrega la harina y se perfuma, colocándola al fuego hasta que espese.; A la leche caliente se añaden, por cucharadas, las claras ya consistentes, previo su batido, bañándolas bien para que se cuezan las claras. Sacarlas luego con la espumadera y colocarlas en una fuente.; Las yemas ligeramente batidas se agregan a la leche caliente, se le da a ésta una ligera cocción y se vacia todo sobre las claras.","Dilute the condensed milk with the water, add the flour and heat on the stove until it thickens.; Add the egg whites to the hot milk by tablespoons; To the hot milk are added, by tablespoons, the already beatened egg whites, making sure to cover them so that the whites are cooked.; Then remove them with the skimmer and place them in a dish; Add the lightly beaten yolks to the hot milk and cook lightly then pour evertying over the egg whites.",huevos a la nieve,eggs in the snow,https://chroniclingamerica.loc.gov/lccn/sn82001257/1957-10-20/ed-1/seq-5/,,,
r74,DLA,FL,postre,dessert,vegetariano; sin gluten,vegetarian; gluten-free,chocolate; azúcar; mantequilla; sirop de maíz; sal; leche; vainilla,"chocolate; sugar; butter; corn syrup; salt; milk; vanilla
","2 onzas de chocolate; 2 tazas de azúcar; 2 cucharadas de mantequilla; 2 cucharaditas de sirop de maíz; Un cuarto de cucharadita de sal; 1 y un cuarto taza de leche;
1 cucharadita de vainilla","2 ounces of chocolate; 2 cups sugar; 2 tablespoons butter; 2 teaspoons corn sirup; A quarter teaspoon of salt; 1 and a quarter cup of milk;
1 teaspoon vanilla","Ralle y derrita el chocolate, añada el azúcar, la sal, la mantequilla, el sirop de maíz y la leche.; Hierva hasta que se espese un poco y se forme una bola blanda al echar unas gotas en agua fría.; Retire del fuego y deje enfriar un poco.; Añada la vainilla y bata continuamente hasta que empiece a endurecer.; Vierta en un plato engrasado y marque en cuadros.","Grate and melt the chocolate, add the sugar, salt, butter, corn syrup and milk.; Boil until it thickens a little and forms a soft ball by pouring a few drops into cold water.; Remove from heat and let cool a little.; Add the vanilla and beat continuously until it begins to harden; Pour into a greased plate and cut into squares.",fudge,fudge,https://chroniclingamerica.loc.gov/lccn/sn82001257/1958-03-02/ed-1/seq-5/,,,
r75,DLA,FL,plato,main,sin gluten,gluten-free,huevo; azúcar; harina; sal; pimienta; atún; mayonesa; jamón; lechuga; pimientos morrones; perejil,egg; sugar; flour; salt; pepper; tuna; mayonnaise; ham; lettuce; bell peppers; parsley, 6 huevos; 2 cucharadas de azúcar; 200 gramos de harina; sal; pimienta; 5 huevos; una lata de atún; mayonesa; 150 gramos de jamón picado y cocido; lechuga picada; 3 pimientos morrones; huevo picado; perejil picado," 6 eggs; 2 tablespoons sugar; 200 grams of flour; salt; pepper; 5 eggs; a can of tuna; mayonnaise; 150 grams of chopped and cooked ham; chopped lettuce; 3 bell peppers; chopped egg; chopped parsley
","Batir 6 huevos y 2 cucharadas de azúcar, entibiar al baño de maría, retirar y batir hasta espesaí.; Agregar despacio 200 gramos de harina, revolviendo sal y pimienta.; Cicolar en molde enmantecado y en harinado, 50 minutos en horno moderado, y desmoldar.; Preparar mayonesa de 5 huevos.; Abrir una lata de atún y mezclar con un poco de mayonesa.; Corrtar el biscochuelo ya frío en 4 capas.; En la primera
poner mayonesa y 150 gramos de jamón picado y cocido.; En la segunda lechuga picada y 3 pimientos morrones.; y en la tercera el atún con la mayonesa,.; Tapar con la cuarta capa, ebrir todo con mayonesa, pegar alrededor huevo picado y decorar la tapa con perejil picado, pimientos morrones picados y
huevo.; Rodear con un colchoneito de lechuga rizadita.","Beat 6 eggs and 2 tablespoons of sugar, warm in a bain-marie, remove and beat until thickened.; Slowly add 200 grams of flour, stirring salt and pepper; Pour into greased and flouered pan; Bake 50 minutes in moderate oven and remove from mold.; Prepare mayonnaise from 5 eggs.; Open a can of tuna and mix with a little mayonnaise.; Cut the now cold biscuit into 4 layers.; In the first put mayonnaise and 150 grams of cooked, chopped ham.; in the second chopped lettuce and 3 bell peppers.;  and in the third put the tuna with mayonnaise,.; Cover with the fourth layer.; Cover everything with mayonnaise, scatter chopped egg and decorate the top with chopped parsley, chopped bell peppers and
egg.; Serve on a bed of lettuce.",torta fiambre de atun en aceite,Canned tuna cold cut cake,https://chroniclingamerica.loc.gov/lccn/sn82001257/1957-09-26/ed-1/seq-5,,,
